title,description,url,img_url,publishing_date,publisher
Baharın müjdecisi Leylekler hakkında 10 ilginç bilgi,"Leylekler, birçok kültürde iyi şans ve bereketle ilişkilendirilir ve bu kuşların korunması, bu kültürel değerleri ve inançları da korumaya yardımcı olur. Ayrıca, leyleklerin yaşam alanlarının korunması, su kaynaklarının ve sulak alanların kalitesinin korunmasına da katkı sağlar, bu da insanlar ve diğer canlılar için de faydalıdır. İşte size Leylekler hakkında 10 ilginç bilgi…",https://www.yenicaggazetesi.com.tr/baharin-mujdecisi-leylekler-hakkinda-10-ilginc-bilgi-780938h.htm,https://cdn.yenicaggazetesi.com.tr/news/1146860.jpg,2024-03-30 13:40:00+03:00,yenicag
Kıvanç Tatlıtuğ’un yeni dövmesi gündem oldu. Eşine olan aşkı kıskandırdı,"Eşi Başak Dizer ve oğlu Kurt Efe ile ilgili birçok dövme yaptıran ünlü oyuncu Kıvanç Tatlıtuğ, yeni bir dövme daha yaptırdı. Tatlıtuğ’un yeni dövmesi sosyal medyada gündem oldu.",https://www.yenicaggazetesi.com.tr/kivanc-tatlitugun-yeni-dovmesi-gundem-oldu-esine-olan-aski-kiskandirdi-780936h.htm,https://cdn.yenicaggazetesi.com.tr/news/1146857.jpg,2024-03-30 13:33:12+03:00,yenicag
Öyle Bir Geçer Zaman Ki’nin Caroli Wilma Elles'ten Erdoğan’ın önerisine destek,"Öyle Bir Geçer Zaman Ki’nin Caroli Wilma Elles, Cumhurbaşkanı Erdoğan'ın dört çocuk tavsiyesine destek verdiğini belirterek, ""Büyük aile olmak iyidir. Nüfusun hızla yaşlandığı düşünülürse, dört çocuk gerçekten bir gereklilik. Biz de dördüncü çocuğa sıcak bakıyoruz."" sözlerini kullandı.",https://www.yenicaggazetesi.com.tr/oyle-bir-gecer-zaman-kinin-carolininden-wilma-ellesten-erdoganin-onerisine-destek-780929h.htm,https://cdn.yenicaggazetesi.com.tr/news/1146846.jpg,2024-03-30 12:58:00+03:00,yenicag
Zelenskiy Rusya ile savaştaki gerçeği açıkladı,"Ukrayna Devlet Başkanı Zelenskiy, Rusya ile devam eden savaştaki gerçeği açıkladı. Zelenskiy ABD’den yardım gelmemesi durumunda geri çekilmek zorunda kalacaklarını söyledi.",https://www.yenicaggazetesi.com.tr/zelenskiy-rusya-ile-savastaki-gercegi-acikladi-780931h.htm,https://cdn.yenicaggazetesi.com.tr/news/1146850.jpg,2024-03-30 13:11:46+03:00,yenicag
Yalı Çapkını dizisi hakkında flaş karar! Devam edip etmeyeceği merak konusuydu,"Ekranların reyting rekorları kıran dizisi Yalı Çapkını, 3.sezon için onay aldı. Dizi hakkında devam kararı alındı.",https://www.yenicaggazetesi.com.tr/yali-capkini-dizisi-hakkinda-flas-karar-devam-edip-etmeyecegi-merak-konusuydu-780924h.htm,https://cdn.yenicaggazetesi.com.tr/news/1146833.jpg,2024-03-30 12:48:16+03:00,yenicag
Yerlikaya korkutan rakamları açıkladı! 68 ilde 57 bin 134 ruhsatsız tabanca ele geçirildi,"İçişleri Bakanı Ali Yerlikaya, “Mercek” operasyonları kapsamında, 1 Haziran 2023’ten itibaren ruhsatsız silah bulunduranlar ve silah kaçakçılarına yönelik yapılan müdahalelerde toplamda 57 bin 134 ruhsatsız tabanca ve 79 bin 235 silahın ele geçirildiğini, 89 bin 915 şüpheli üzerinde işlem gerçekleştirildiğini duyurdu.",https://www.yenicaggazetesi.com.tr/yerlikaya-korkutan-rakamlari-acikladi-68-ilde-57-bin-134-ruhsatsiz-tabanca-ele-780923h.htm,https://cdn.yenicaggazetesi.com.tr/news/1146826.jpg,2024-03-30 12:45:00+03:00,yenicag
Hadise makyajsız sokağa çıktı herkes 'kim bu kadın' dedi,Hadise'nin Etiler'deki bir ofise giderken makyajsız hali objektife yansıdı.,https://www.yenicaggazetesi.com.tr/hadise-makyajsiz-sokaga-cikti-herkes-kim-bu-kadin-dedi-780918h.htm,https://cdn.yenicaggazetesi.com.tr/news/1146827.jpg,2024-03-30 12:36:00+03:00,yenicag
Merve Boluğur Serdar Ortaç'la stüdyoya girdi. Fotoğrafa yorum yağdı,"Ünlü oyuncu Merve Boluğur, uzun süredir oyunculuk yapmıyordu. Boluğur, herkesi şaşırtarak şarkı çıkarma kararı verdi ve Serdar Ortaç’la bir araya geldi.",https://www.yenicaggazetesi.com.tr/merve-bolugur-serdar-ortacla-studyoya-girdi-fotografa-yorum-yagdi-780914h.htm,https://cdn.yenicaggazetesi.com.tr/news/1146822.jpg,2024-03-30 12:24:49+03:00,yenicag
Yılmaz Vural yine yaptı yapacağını. İzleyenler gülmekten baygınlık geçirdi,Özkan Sümer ile yaşadığı bir olayı anlatan Yılmaz Vural izleyenlere kahkaha attırdı.,https://www.yenicaggazetesi.com.tr/yilmaz-vural-yine-yapti-yapacagini-izleyenler-gulmekten-bayginlik-gecirdi-780898h.htm,https://cdn.yenicaggazetesi.com.tr/news/1146794.jpg,2024-03-30 11:35:00+03:00,yenicag
Trabzonspor Beşiktaşlı yıldız ile anlaştı,Trabzonspor iki yerli isimle prensipte anlaşmaya vardı.,https://www.yenicaggazetesi.com.tr/trabzonspor-besiktasli-yildiz-ile-anlasti-780913h.htm,https://cdn.yenicaggazetesi.com.tr/news/1146819.jpg,2024-03-30 12:22:00+03:00,yenicag
Newcastle United yıldızına şok haber. Futboldan men edilmesi gündemde,Sandro Tonali hakkında bu sezon formasını giydiği Newcastle üzerine kumar oynadığı iddiasıyla soruşturma açıldı.,https://www.yenicaggazetesi.com.tr/newcastle-united-yildizina-sok-haber-futboldan-men-edilmesi-gundemde-780895h.htm,https://cdn.yenicaggazetesi.com.tr/news/1146791.jpg,2024-03-30 11:31:00+03:00,yenicag
Ali Koç Enişte'nin üzerine yürüdü,Fenerbahçe Başkanı Ali Koç Divan Kurulu toplantısında Kaya Enişte'nin sözlerine sinirlenerek kürsüye yürüdü.,https://www.yenicaggazetesi.com.tr/ali-koc-enistenin-uzerine-yurudu-780829h.htm,https://cdn.yenicaggazetesi.com.tr/news/1146693.jpg,2024-03-30 07:57:00+03:00,yenicag
Efsane sol bek Beşiktaş'a geri döndü. Gürel Yurttaş açıkladı,Futbolun sırlarını bilen adam Gürel Yurttaş yazdı.,https://www.yenicaggazetesi.com.tr/efsane-sol-bek-besiktasa-geri-dondu-gurel-yurttas-acikladi-780633h.htm,https://cdn.yenicaggazetesi.com.tr/author/yurttas.jpg,2024-03-29 14:28:00+03:00,yenicag
Yılmaz Vural'ın maçı şifresiz kanalda. TFF açıkladı,TFF'nin YouTube kanalı üzerinden yayınlayacağı TFF 2. Lig ve TFF 3. Lig maçlarının programı belli oldu.,https://www.yenicaggazetesi.com.tr/yilmaz-vuralin-maci-sifresiz-kanalda-tff-acikladi-780639h.htm,https://cdn.yenicaggazetesi.com.tr/news/1146457.jpg,2024-03-29 14:55:00+03:00,yenicag
Milli Takım’da dönen dolaplar ağızları açık bıraktı,Gazeteci Kartal Yiğit A Milli Takım’daki çarpık düzeni eleştirirken oyuncu seçimlerinde yaşananları açıkladı.,https://www.yenicaggazetesi.com.tr/milli-takimda-donen-dolaplar-agizlari-acik-birakti-780549h.htm,https://cdn.yenicaggazetesi.com.tr/news/1146349.jpg,2024-03-30 05:58:00+03:00,yenicag
TFF'den Fenerbahçe'ye çök özel teklif,Fenerbahçe'nin Süper Kupa ertelemesine karşı çıkan TFF'nin Sarı Lacivertlilere yeni bir seçenek sunduğu ortaya çıktı.,https://www.yenicaggazetesi.com.tr/tffden-fenerbahceye-cok-ozel-teklif-780526h.htm,https://cdn.yenicaggazetesi.com.tr/news/1146311.jpg,2024-03-29 09:57:00+03:00,yenicag
"Murat Kurum salona ‘bozkurt işareti’ yaparak girdi, alkış tufanı koptu","Cumhur İttifakı İstanbul Büyükşehir Belediye Başkan Adayı Murat Kurum, katıldığı sahur programında salonda bozkurt işareti yaparak yürüdü. O anları MHP sosyal medyadan paylaştı.",https://www.yenicaggazetesi.com.tr/murat-kurum-salona-bozkurt-isareti-yaparak-girdi-alkis-tufani-koptu-780940h.htm,https://cdn.yenicaggazetesi.com.tr/news/1146864.jpg,2024-03-30 13:42:00+03:00,yenicag
İmamoğlu Adalar’da konuştu. 'İstanbul'un muhafızı olmaya devam edeceğiz',"Ekrem İmamoğlu Adalar’da açıklamalarda bulunarak “İsrafa nasıl dur dediysek, İstanbul'un muhafızı olmaya devam edeceğiz"" dedi.",https://www.yenicaggazetesi.com.tr/imamoglu-adalarda-konustu-istanbulun-muhafizi-olmaya-devam-edecegiz-780935h.htm,https://cdn.yenicaggazetesi.com.tr/news/1146855.jpg,2024-03-30 13:24:00+03:00,yenicag
Ali Tezel emekliye yapılacak zam oranını açıkladı. Emekliye yine hüsran geceleri düştü,"En düşük emekli maaşı olan 10 bin lirayla ayın ortasını bile getiremeyen seyyanen zam beklentisini de Erdoğan'ın bitirdiği emekli yarı aç yarı tok yaşıyor. SGK Uzmanı Ali Tezel, emekli maaşlarına gelecek zam için net rakam verip tarihini açıkladı.",https://www.yenicaggazetesi.com.tr/ali-tezel-emekliye-yapilacak-zam-oranini-acikladi-emekliye-yine-husran-geceleri-780933h.htm,https://cdn.yenicaggazetesi.com.tr/news/1146845.jpg,2024-03-30 13:16:02+03:00,yenicag
IŞİD bugün 500 kişiyi öldüreceği yeri açıkladı. Saldırının yerini yayınladı,IŞİD tarafından paylaşılan görsel bütün dünyayı paniğe sevk etti.,https://www.yenicaggazetesi.com.tr/isid-bugun-500-kisiyi-oldurecegi-yeri-acikladi-saldirinin-yerini-yayinladi-780930h.htm,https://cdn.yenicaggazetesi.com.tr/news/1146848.jpg,2024-03-30 13:09:00+03:00,yenicag
"Çankırı'da D100 karayolunda feci kaza: 4 ölü, 3 yaralı","Çankırı’da D100 karayolunda tırın otomobilin üzerine devrilmesi sonucu meydana gelen kazada 4 kişi öldü, 2’si polis 3 kişi yaralandı.",https://www.yenicaggazetesi.com.tr/cankirida-d100-karayolunda-feci-kaza-4-olu-3-yarali-780927h.htm,https://cdn.yenicaggazetesi.com.tr/news/1146847.jpg,2024-03-30 12:56:00+03:00,yenicag
İmamoğlu’nun seçim otobüsünden rabia işareti yapanlara olay yanıt,"Seçim çalışması yapan İBB Başkanı İmamoğlu’nun içinde olduğu seçim otobüsünden AKP’lilere verilen yanıt sosyal medyada gündem oldu. Otobüste anons yapan CHP’li, çevredeki AKP’lilere “Elleriyle 4 yaparak benzinin 44 lira olduğunu belirten hanımefendiler, haklısınız. Çok teşekkür ederiz” dedi.",https://www.yenicaggazetesi.com.tr/imamoglunun-secim-otobusunden-rabia-isareti-yapanlara-olay-yanit-780921h.htm,https://cdn.yenicaggazetesi.com.tr/news/1146862.jpg,2024-03-30 12:41:00+03:00,yenicag
Flaş... Flaş... Hollanda’da kafedekiler rehin alındı. Bölgedeki evler tahliye ediliyor,Hollanda’da bir kafede çok sayıda kişinin rehin alındığı öğrenildi. Bölgedeki 150 ev tahliye edilirken 3 rehinenin serbest bırakıldığı öğrenildi.,https://www.yenicaggazetesi.com.tr/flas-flas-hollandada-kafedekiler-rehin-alindi-bolgedeki-evler-tahliye-ediliyor-780925h.htm,https://cdn.yenicaggazetesi.com.tr/news/1146853.jpg,2024-03-30 12:48:00+03:00,yenicag
Büyük patlama olacak. 80 yılda bir gerçekleşiyor,Samanyolu Galaksisi’nde bir yıldız patlaması yaşanacak. İşte ayrıntılar…,https://www.yenicaggazetesi.com.tr/buyuk-patlama-olacak-80-yilda-bir-gerceklesiyor-780917h.htm,https://cdn.yenicaggazetesi.com.tr/news/1146823.jpg,2024-03-30 12:32:00+03:00,yenicag
Fenerbahçe çekiliyor. Şerafettin Tilki Ali Koç'un kararını açıkladı,2 Nisan'da gerçekleşecek genel kurul öncesi Şerafettin Tilki Fenerbahçe'de yaşananları ortaya çıkardı.,https://www.yenicaggazetesi.com.tr/fenerbahce-cekiliyor-serafettin-tilki-ali-kocun-kararini-acikladi-780851h.htm,https://cdn.yenicaggazetesi.com.tr/news/1146730.jpg,2024-03-30 09:30:00+03:00,yenicag
Rekabet Kurulu'ndan ünlü markaya dev ceza!,"Rekabet Kurumu, ABC Deterjan Sanayi ve Ticaret AŞ’ye uzlaşma sonucu 4 milyon 635 bin 94 lira idari para cezası verilmesinin kararlaştırıldığını duyurdu.",https://www.yenicaggazetesi.com.tr/rekabet-kurulundan-unlu-markaya-dev-ceza-780915h.htm,https://cdn.yenicaggazetesi.com.tr/news/1146814.jpg,2024-03-30 12:25:00+03:00,yenicag
Şeref Eroğlu: Güreşte dünya markasıyız,Türkiye Güreş Federasyonu Başkanı Şeref Eroğlu Yeniçağ'dan Recep Çınar'a konuştu.,https://www.yenicaggazetesi.com.tr/seref-eroglu-gureste-dunya-markasiyiz-780941h.htm,https://cdn.yenicaggazetesi.com.tr/news/1146865.jpg,2024-03-30 13:50:01+03:00,yenicag
İtalya Başbakanı Giorgia Meloni’nin politikaları ters tepti. Ulusal İstatistik Kurumu açıkladı,"İtalya Başbakanının nüfus artırmaya yönelik politikalarına rağmen ülkede doğumların yüzde 3,6 düştüğü belirtildi.",https://www.yenicaggazetesi.com.tr/italya-basbakani-giorgia-meloninin-politikalari-ters-tepti-ulusal-istatistik-kurumu-780911h.htm,https://cdn.yenicaggazetesi.com.tr/news/1146816.jpg,2024-03-30 12:18:00+03:00,yenicag
Szymanski minik Asya'nın hayalini gerçekleştirdi. Taraflı tarafsız herkes hayran kaldı,Depremde ailesini ve tek kolunu kaybeden Asya Dönmez'in hayali gerçek oldu.,https://www.yenicaggazetesi.com.tr/szymanski-minik-asyanin-hayalini-gerceklestirdi-tarafli-tarafsiz-herkes-hayran-kaldi-780934h.htm,https://cdn.yenicaggazetesi.com.tr/news/1146854.jpg,2024-03-30 13:20:46+03:00,yenicag
Devlet başkanının evine yolsuzluk baskını. Mal varlığında Rolex saatleri beyan etmemiş,"Peru Devlet Başkanı Dina Boluarte'nin evine, mal varlığı olarak beyan etmediği Rolex marka saatlerin bulunması nedeniyle polis tarafından bir baskın düzenlendi.",https://www.yenicaggazetesi.com.tr/devlet-baskaninin-evine-yolsuzluk-baskini-mal-varliginda-rolex-saatleri-beyan-780907h.htm,https://cdn.yenicaggazetesi.com.tr/news/1146813.jpg,2024-03-30 12:11:00+03:00,yenicag
Seçime saatler kala Google'da aratılan soru şok etti. Seçim sonuçlarını belirleyecek detay,"31 Mart 2024 yerel seçimlerine çok az bir zaman kala Google’da aratılan sorular dikkat çekti. Google Trends verilerine bakıldığında “Oy kullanmama cezası” en çok aratılan soru oldu. Peki, oy vermemenin cezası var mı, varsa ne kadar?",https://www.yenicaggazetesi.com.tr/secime-saatler-kala-googleda-aratilan-soru-sok-etti-secim-sonuclarini-belirleyecek-780905h.htm,https://cdn.yenicaggazetesi.com.tr/news/1146802.jpg,2024-03-30 11:58:03+03:00,yenicag
Emeklilere yüzde 10 indirim başladı. Koşun emekliler koşun kaçırmayın,"Emeklillere trenlerde yapılan yüzde 10'luk büyük indirim başladı. Seyyanen zam bekleyen emeklilere, sadece uçaklarda, telefonda ve trenlerde indirim gelmişti. İşte trenlerde o uygulama başladı. İndirim oranı da sadece yüzde 10...",https://www.yenicaggazetesi.com.tr/emeklilere-yuzde-10-indirim-basladi-kosun-emekliler-kosun-kacirmayin-780904h.htm,https://cdn.yenicaggazetesi.com.tr/news/1146796.jpg,2024-03-30 11:52:00+03:00,yenicag
Akdeniz’i istila etti. Uzmanlar 'Bu bir uyarıdır' diyerek açıkladı,Akdeniz’i tehdit eden yeni tehlike ortaya çıktı. Uzmanlar “Bu bir uyarıdır” diyerek açıklarken balıkçılar zor durumda olduklarını vurguladı.,https://www.yenicaggazetesi.com.tr/akdenizi-istila-etti-uzmanlar-bu-bir-uyaridir-diyerek-acikladi-780902h.htm,https://cdn.yenicaggazetesi.com.tr/news/1146806.jpg,2024-03-30 11:46:05+03:00,yenicag
Kadınlar turnuvasında cinsiyet değiştirmiş futbolcularla oynadılar. Rakiplerinin bacaklarını kırdılar,Beryl Ackroyd Kadınlar Kupası'na bir takımın 5 cinsiyet değiştirmiş futbolcu ile girilmesi tartışma konusu oldu.,https://www.yenicaggazetesi.com.tr/kadinlar-turnuvasinda-cinsiyet-degistirmis-futbolcularla-oynadilar-rakiplerinin-780926h.htm,https://cdn.yenicaggazetesi.com.tr/news/1146840.jpg,2024-03-30 12:52:00+03:00,yenicag
Putin’in en yakınındaki isme rüşvet suçlaması,"Putin’in kızlarından birinin vaftiz babası olan Rus oligark Viktor Medvedchuk, AB Milletvekillerine rüşvet vermekle suçlanıyor.",https://www.yenicaggazetesi.com.tr/putinin-en-yakinindaki-isme-rusvet-suclamasi-780900h.htm,https://cdn.yenicaggazetesi.com.tr/news/1146793.jpg,2024-03-30 11:38:10+03:00,yenicag
AKP’nin oy için dağıttığı para DEM Partili siyasetçiye gitti,"AKP, Bitlis’te vatandaşları telefonla arayarak, partisinin adayına oy vermesi karşılığında bir miktar para yatırıcağını söyledi. İddiaya göre DEM Parti’nin Bitlis Meclis Üyesi de telefonla aranan isimlerdendi. DEM’li siyasetçiye seçim arifesinde 2 bin 500 lira yatırıldı.",https://www.yenicaggazetesi.com.tr/akpnin-oy-icin-dagittigi-para-dem-partili-siyasetciye-gitti-780896h.htm,https://cdn.yenicaggazetesi.com.tr/news/1146792.jpg,2024-03-30 11:32:15+03:00,yenicag
Ünlü şehirden kaçıyorlar. Savaş sonrası yerleşmişlerdi,"Rusya-Ukrayna savaşı sonrası, Dubai'ye yerleşen birçok zengin Rus, son zamanlarda bankaların sıkı uygulamaları nedeniyle Birleşik Arap Emirlikleri'ni terk etmeye başladı.",https://www.yenicaggazetesi.com.tr/unlu-sehirden-kaciyorlar-savas-sonrasi-yerlesmislerdi-780894h.htm,https://cdn.yenicaggazetesi.com.tr/news/1146788.jpg,2024-03-30 11:26:00+03:00,yenicag
Fatih Portakal Cübbeli'nin sözleri ile çileden çıktı. Canlı yayında açtı ağzını yumdu gözünü,"Gazeteci Fatih Portakal, yerel seçimler hakkında yorumlarda bulunan ve kamuoyunda 'Cübbeli Ahmet Hoca' olarak bilinen Ahmet Mahmut Ünlü hakkında sert ifadelerde bulundu.",https://www.yenicaggazetesi.com.tr/fatih-portakal-cubbelinin-sozleri-ile-cileden-cikti-canli-yayinda-acti-agzini-yumdu-780891h.htm,https://cdn.yenicaggazetesi.com.tr/news/1146783.jpg,2024-03-30 11:16:00+03:00,yenicag
HGS’ye zam geldi. Araç sürücüleri dikkat. 3 Nisan’dan itibaren başlıyor,Hızlı Geçiş Sistemi’nde alt limit fiyatına zam geldi. Zam 3 Nisan’dan itibaren geçerli olacak.,https://www.yenicaggazetesi.com.tr/hgsye-zam-geldi-arac-suruculeri-dikkat-3-nisandan-itibaren-basliyor-780833h.htm,https://cdn.yenicaggazetesi.com.tr/news/1146699.jpg,2024-03-30 08:20:00+03:00,yenicag
Flaş.. Flaş… Rusya’da yeni terör saldırısı girişimi,Rusya’da yeni bir terör saldırısı girişiminin engellendiği açıklandı. FSB’den yapılan açıklamada saldırı planı yapan 3 kişinin gözaltına alındığını bildirildi.,https://www.yenicaggazetesi.com.tr/flas-flas-rusyada-yeni-teror-saldirisi-girisimi-780889h.htm,https://cdn.yenicaggazetesi.com.tr/news/1146785.jpg,2024-03-30 11:12:00+03:00,yenicag
30 bin liralık saç yaptıran kadın parayı ödemeden kaçmak istedi. Ortalık savaş alanına döndü,İzmir’de bir kadın 30 bin liralık saç yaptırdıktan sonra parayı ödemeden kaçmak istedi. Çıkan olayda ortalık savaş alanına dönerken devreye polis girdi.,https://www.yenicaggazetesi.com.tr/30-bin-liralik-sac-yaptiran-kadin-parayi-odemeden-kacmak-istedi-ortalik-savas-780887h.htm,https://cdn.yenicaggazetesi.com.tr/news/1146771.jpg,2024-03-30 11:06:51+03:00,yenicag
Ali Koç kozmik odaya giriyor,Fenerbahçe Başkanı Ali Koç ligden çekilme konusunda tartışmak üzere Samandıra'ya gidiyor,https://www.yenicaggazetesi.com.tr/ali-koc-kozmik-odaya-giriyor-780886h.htm,https://cdn.yenicaggazetesi.com.tr/news/1146775.jpg,2024-03-30 11:00:00+03:00,yenicag
TOGG'un yeni özellikleri açıklandı. Bir özellik dikkat çekti,Yerli ve milli otomobil Togg sosyal medya hesabından yeni güncellemelerini duyurdu.,https://www.yenicaggazetesi.com.tr/toggun-yeni-ozellikleri-aciklandi-bir-ozellik-dikkat-cekti-780884h.htm,https://cdn.yenicaggazetesi.com.tr/news/1146777.jpg,2024-03-30 10:53:00+03:00,yenicag
Antalyalı Southwind Hava Yolları'na Avrupa Birliği'nden uçuş yasağı,"Avrupa Birliği'nin, Rusya-Ukrayna savaşı dolayısıyla sıkı yaptırımlar uyguladığı bu dönemde, Antalya merkezli havayolu şirketi Southwind'e uçuş yasağı getirdiği bildirildi. Avrupa Birliği şirketin fiili merkezinin Antalya değil Rusya olduğunu iddia etti",https://www.yenicaggazetesi.com.tr/antalyali-southwind-hava-yollarina-avrupa-birliginden-ucus-yasagi-780880h.htm,https://cdn.yenicaggazetesi.com.tr/news/1146768.jpg,2024-03-30 10:46:00+03:00,yenicag
Brezilya'dan koptu geliyor. Ünlü voleybolcu Sultanlar Ligi'ni sallayacak,Voleybolda yeni sezon için transferler sürüyor. Son olarak ABD'li smaçörün gelecek sezon Sultanlar Ligi'nde oynayacağı belirtildi.,https://www.yenicaggazetesi.com.tr/brezilyadan-koptu-geliyor-unlu-voleybolcu-sultanlar-ligini-sallayacak-780937h.htm,https://cdn.yenicaggazetesi.com.tr/news/1146858.jpg,2024-03-30 13:34:05+03:00,yenicag
"Taksim'de eğlenceli anlar: Robot köpek, darbuka eşliğinde oynadı","'Jidoka Dog' isimli robot köpek, darbuka eşliğinde dans etti. İlgi odağı olan Jidoka'nın dansı izleyenleri güldürdü.",https://www.yenicaggazetesi.com.tr/taksimde-eglenceli-anlar-robot-kopek-darbuka-esliginde-oynadi-780932h.htm,https://cdn.yenicaggazetesi.com.tr/news/1146851.jpg,2024-03-30 13:15:44+03:00,yenicag
Çaykur Rizesporlu Shelvey: Umarım Fenerbahçe kazanır,Çaykur Rizespor'un İngiliz futbolcusu açıklamalarda bulundu.,https://www.yenicaggazetesi.com.tr/caykur-rizesporlu-shelvey-umarim-fenerbahce-kazanir-780928h.htm,https://cdn.yenicaggazetesi.com.tr/news/1146844.jpg,2024-03-30 12:57:46+03:00,yenicag
Fenerbahçe'de flaş ayrılık. Yıldız futbolcunun yeni takımı belli oldu,Fenerbahçe'de ayrılık kapıda. Ünlü futbolcunun gelecek sezon İtalya'da oynayacağı belirtildi.,https://www.yenicaggazetesi.com.tr/fenerbahcede-flas-ayrilik-yildiz-futbolcunun-yeni-takimi-belli-oldu-780922h.htm,https://cdn.yenicaggazetesi.com.tr/news/1146832.jpg,2024-03-30 12:41:47+03:00,yenicag
Zeynep Bastık: Sezen Aksu hakkımda o sözleri söyleyince bayıldım,"Sözlerini Mabel Matiz’in yazdığı “Lan” şarkısıyla son dönemde patlama yapan Zeynep Bastık, Sezen Aksu’yla tanışma hikayesini anlattı.",https://www.yenicaggazetesi.com.tr/zeynep-bastik-sezen-aksu-hakkimda-o-sozleri-soyleyince-bayildim-780920h.htm,https://cdn.yenicaggazetesi.com.tr/news/1146829.jpg,2024-03-30 12:38:00+03:00,yenicag
"İki otomobil kafa kafaya çarpıştı: 1 ölü, 1 yaralı",Bartın'da iki otomobil kafa kafaya çarpıştı. Meydana gelen kazada sürücülerden biri yaşamını yitirirken diğeri ağır yaralandı.,https://www.yenicaggazetesi.com.tr/iki-otomobil-kafa-kafaya-carpisti-1-olu-1-yarali-780919h.htm,https://cdn.yenicaggazetesi.com.tr/news/1146828.jpg,2024-03-30 12:37:21+03:00,yenicag
10 adımda 2024 oy kullanma rehberi. Oy nasıl kullanılır?,"Türkiye, 31 Mart 2024 Pazar günü sandık başına gidecek. Büyükşehir belediyesi sınırlarında yaşayan seçmen nasıl oy kullanacak? Seçmen kâğıdı olmayanlar oy kullanabilecek mi? İşte tüm cevaplar…",https://www.yenicaggazetesi.com.tr/10-adimda-2024-oy-kullanma-rehberi-oy-nasil-kullanilir-780877h.htm,https://cdn.yenicaggazetesi.com.tr/news/1146757.jpg,2024-03-30 10:39:00+03:00,yenicag
Ümit Özdağ Ankara'daki Suriyeli mahallesine 'Ya Gidecekler Ya Gidecekler' şarkısı ile giriş yaptı,Ümit Özdağ Ankara’da Suriyelilerin yoğun olduğu bilinen mahalleye “Ya Gidecekler Ya Gidecekler” şarkısıyla girdi. O anlar gündem oldu.,https://www.yenicaggazetesi.com.tr/umit-ozdag-ankaradaki-suriyeli-mahallesine-ya-gidecekler-ya-gidecekler-sarkisi-ile-780875h.htm,https://cdn.yenicaggazetesi.com.tr/news/1146761.jpg,2024-03-30 10:33:00+03:00,yenicag
Dondurulmuş ürünlerde büyük tehlike. Ağzınıza bile sürmeyin,Almanya'da marketlerde satılan dondurulmuş Bibigo Mini Mandu Karidesli Köfteler toplatılmaya başlandı. Satışı yasaklanan ürünün  hassas kişilerde alerjiyi tetikleyebileceği duyuruldu.,https://www.yenicaggazetesi.com.tr/dondurulmus-urunlerde-buyuk-tehlike-agziniza-bile-surmeyin-780872h.htm,https://cdn.yenicaggazetesi.com.tr/news/1146755.jpg,2024-03-30 10:27:00+03:00,yenicag
UEFA ve FIFA olaya el attı. TFF gelen Fenerbahçe uyarısı ile şok oldu,Fenerbahçe'nin Süper Lig'den çekilmesi halinde UEFA ve FIFA'ya ne yapacaklarını soran TFF'ye iki ayrı cevap geldi.,https://www.yenicaggazetesi.com.tr/uefa-ve-fifa-olaya-el-atti-tff-gelen-fenerbahce-uyarisi-ile-sok-oldu-780871h.htm,https://cdn.yenicaggazetesi.com.tr/news/1146763.jpg,2024-03-30 10:26:00+03:00,yenicag
Özgür Özel resmen duyurdu! İşte Yılmaz Büyükerşen’in yeni görevi,"CHP lideri Özgür Özel, uzun yıllar Eskişehir Büyükşehir Belediye Başkanlığı yapan Yılmaz Büyükerşen’e seçimlerden sonra yeni görev verileceğini duyurdu.",https://www.yenicaggazetesi.com.tr/ozgur-ozel-resmen-duyurdu-iste-yilmaz-buyukersenin-yeni-gorevi-780870h.htm,https://cdn.yenicaggazetesi.com.tr/news/1146762.jpg,2024-03-30 10:21:48+03:00,yenicag
Hakan Bayrakçı’dan Behzat Ç’ye kötü haber,SONAR Araştırma Şirketi Başkanı Hakan Bayrakçı Ankara Keçiören’den CHP’nin adayı olan oyuncu Erdal Beşikçioğlu’yla ilgili son araştırmasından bilgiler paylaştı.,https://www.yenicaggazetesi.com.tr/hakan-bayrakcidan-behzat-cye-kotu-haber-780868h.htm,https://cdn.yenicaggazetesi.com.tr/news/1146758.jpg,2024-03-30 10:15:00+03:00,yenicag
Afganistan İran Irak ve Türkiye Avrupa'ya bağlanıyor: Khaf-Herat Demiryolu Projesi imzalandı,Afganistan Demiryolu İdaresi ile Rus şirket Gama Grup arasında imzalanan antlaşmaya ile Khaf-Herat Demiryolu Projesi'nin dördüncü bölümünün ihalesi tamamlandı. Tahminen 53 milyon dolara mal edilecek demiryolunun 47 kilometre uzunluğunda olması ve 2 yıl içerisinde bitirilmesi planlanıyor.,https://www.yenicaggazetesi.com.tr/afganistan-iran-irak-ve-turkiye-avrupaya-baglaniyor-khaf-herat-demiryolu-projesi-780866h.htm,https://cdn.yenicaggazetesi.com.tr/news/1146738.jpg,2024-03-30 10:09:00+03:00,yenicag
Kiralık katiller herkesi şoke eden gerçeği açıkladı. Röportajı yapan gazetecinin bile nutku tutuldu,Gazeteci Mariana van Zeller ile röportaj yapan kiralık katil şoke eden gerçeği açıkladı. Röportajı yapan gazeteci duyduğu sözler karşısında ne yapacağını şaşırdı.,https://www.yenicaggazetesi.com.tr/kiralik-katiller-herkesi-soke-eden-gercegi-acikladi-roportaji-yapan-gazetecinin-780862h.htm,https://cdn.yenicaggazetesi.com.tr/news/1146748.jpg,2024-03-30 10:03:00+03:00,yenicag
"Murat Kurum canlı yayında açıkladı: 1,7 puan önde görünüyoruz","Cumhur İttifakı'nın İBB Başkan adayı Murat Kurum, dün katıldığı canlı yayında, anket firmalarının kendilerini 1,7 puan önde gösterdiklerini ifade etti.",https://www.yenicaggazetesi.com.tr/murat-kurum-canli-yayinda-acikladi-17-puan-onde-gorunuyoruz-780863h.htm,https://cdn.yenicaggazetesi.com.tr/news/1146753.jpg,2024-03-30 10:04:00+03:00,yenicag
Çeyrek asırlık tekstil devi yarım altın fiyatına satıldı,"Ekonomik krize devler bile dayanamıyor. Çeyrek asırlık tekstil devi havlu atıp, iflas etti. Bursa'da faaliyet gösteren Fun Tekstil ile ilgili resmi iflas kararı verildi. Firma yarım altın fiyatından ucuza 7 bin 350 TL'ye satıldı.",https://www.yenicaggazetesi.com.tr/ceyrek-asirlik-tekstil-devi-yarim-altin-fiyatina-satildi-780858h.htm,https://cdn.yenicaggazetesi.com.tr/news/1146726.jpg,2024-03-30 09:57:00+03:00,yenicag
Hava durumu alarmı. Bu kez tehlike çok başka. 4 gün sürecek,Meteoroloji Genel Müdürlüğü bazı bölgeleri toz taşınımı konusunda uyarırken uzmanlar da taşınımın getireceği hastalıklar konusunda uyardı.,https://www.yenicaggazetesi.com.tr/hava-durumu-alarmi-bu-kez-tehlike-cok-baska-4-gun-surecek-780855h.htm,https://cdn.yenicaggazetesi.com.tr/news/1146728.jpg,2024-03-30 09:50:00+03:00,yenicag
Emeklilere yeni zam gelecek mi? Cevdet Yılmaz canlı yayında açıkladı,Cumhurbaşkanı Yardımcısı Cevdet Yılmaz katıldığı programda emeklilere yeni bir zam gelip gelmeyeceğiyle ilgili flaş bir açıklama yaptı.,https://www.yenicaggazetesi.com.tr/emeklilere-yeni-zam-gelecek-mi-cevdet-yilmaz-canli-yayinda-acikladi-780848h.htm,https://cdn.yenicaggazetesi.com.tr/news/1146713.jpg,2024-03-30 09:19:00+03:00,yenicag
Bursa'nın ünlü AVM'si satıldı. 100 bin metrekare üzerine kuruluydu,"Bursa’nın ünlü alışveriş merkezi CarrefourSa, Bainbrech Anonim Şirketi tarafından Atış Yapı’ya devredildi. Bu dev arazi, içinde CarrefourSa Alışveriş Merkezi’nin de bulunduğu 100 bin metrekarelik bir alanı kapsıyor. Yerine otel ve rezidans yapılması planlanıyor.",https://www.yenicaggazetesi.com.tr/bursanin-unlu-avmsi-satildi-100-bin-metrekare-uzerine-kuruluydu-780845h.htm,https://cdn.yenicaggazetesi.com.tr/news/1146707.jpg,2024-03-30 09:08:00+03:00,yenicag
Atatürk Havalimanı’nın yanındaki proje için mahkemeden karar çıktı. 27 bin metrekarelik alanı kapsıyor,Atatürk Havalimanı’nın yanında yapılması planlanan proje için mahkemeden karar çıktı. Söz konusu proje 27 bin metrekarelik alanı kapsıyor.,https://www.yenicaggazetesi.com.tr/ataturk-havalimaninin-yanindaki-proje-icin-mahkemeden-karar-cikti-27-bin-780843h.htm,https://cdn.yenicaggazetesi.com.tr/news/1146715.jpg,2024-03-30 08:59:21+03:00,yenicag
Seçime 1 gün kala AKP’den Yeniden Refah Partisi’nin adayına şoke eden tehdit,"AKP’li Bahçelievler Belediye Başkanı Hakan Bahadır, Yeniden Refah Partisi’nin Bahçelievler Adayı Metin Türk’ü telefonda tehdit etti. Bahadır, “Senin kafanı kırarım. Senin her astığını kaldıracağım, kaldırmazsam adam değilim. Sen adam mısın? Gelirim seni fena yaparım. CHP’den para aldığını bilmiyor muyum ben senin? Şerefsiz herif” ifadelerini kullandı.",https://www.yenicaggazetesi.com.tr/secime-1-gun-kala-akpden-yeniden-refah-partisinin-adayina-soke-eden-tehdit-780839h.htm,https://cdn.yenicaggazetesi.com.tr/news/1146708.jpg,2024-03-30 08:43:00+03:00,yenicag
Fransa'da kırmızı alarm. İçişleri Bakanlığı yabancı güvenlik talebinde bulundu,"Fransa Hükümeti, geçtiğimiz günlerde Moskova’da meydana gelen ölümcül saldırı ve IŞİD'in saldırıyı üstlenmesinin ardından güvenlik alarmını en üst düzeye çıkardı.",https://www.yenicaggazetesi.com.tr/fransada-kirmizi-alarm-icisleri-bakanligi-yabanci-guvenlik-talebinde-bulundu-780836h.htm,https://cdn.yenicaggazetesi.com.tr/news/1146702.jpg,2024-03-30 08:30:00+03:00,yenicag
Futbolcusu ile ilişkisi ortaya çıkan teknik direktör kovuldu,Oyuncularından biriyle ilişkisi olduğu tespit edilen Leicester City teknik direktörü Willie Kirk ile yollar ayrıldı.,https://www.yenicaggazetesi.com.tr/futbolcusu-ile-iliskisi-ortaya-cikan-teknik-direktor-kovuldu-780865h.htm,https://cdn.yenicaggazetesi.com.tr/news/1146741.jpg,2024-03-30 10:05:33+03:00,yenicag
Seren Serengil: İnşallah o tarihe kadar Suriyeliler ülkeyi terk eder,"Ünlü oyuncu ve sunucu Seren Serengil, yerel seçimlerde İstanbul’da CHP’nin adayı Ekrem İmamoğlu’na oy vereceğini açıkladı. Serengil, “Haydi güzel bir haber vereyim size... 2027 Avrupa oyunları İstanbul'umuzda olacak, inşallah o tarihe kadar Suriyelilerin ve tüm İstanbul çehresini bozabilecek her şey İstanbul'u terk eder” ifadelerini kullandı.",https://www.yenicaggazetesi.com.tr/seren-serengil-insallah-o-tarihe-kadar-suriyeliler-ulkeyi-terk-eder-780831h.htm,https://cdn.yenicaggazetesi.com.tr/news/1146697.jpg,2024-03-30 08:07:00+03:00,yenicag
Yeniçağ Gazetesi'nin 1. sayfası,"Yeniçağ Gazetesi bugün ""Emekli dört gözle sandığı bekliyor!"" başlığıyla çıktı.",https://www.yenicaggazetesi.com.tr/yenicag-gazetesinin-1-sayfasi-164-780825h.htm,https://cdn.yenicaggazetesi.com.tr/news/1146685.jpg,2024-03-30 06:59:00+03:00,yenicag
Ali Koç Süper Kupa'dan vazgeçti,Yüksek Divan Kurulu'nda konuşan Ali Koç taraftara çağrıda bulundu.,https://www.yenicaggazetesi.com.tr/ali-koc-super-kupadan-vazgecti-780733h.htm,https://cdn.yenicaggazetesi.com.tr/news/1146578.jpg,2024-03-29 20:18:00+03:00,yenicag
Şehit 30 bin Filistinli Müslüman’ın One Minute kadar değeri yok mu?,Orhan UĞUROĞLU,https://www.yenicaggazetesi.com.tr/sehit-30-bin-filistinli-muslumanin-one-minute-kadar-degeri-yok-mu-780691h.htm,https://cdn.yenicaggazetesi.com.tr/author/uguroglu-001.jpg,2024-03-30 00:01:00+03:00,yenicag
Türk Türk’ü kazıklarken Amerikalı elinde mısır bu ayıbı izliyor!,TOLGA ŞAHİN YAZDI!,https://www.yenicaggazetesi.com.tr/turk-turku-kaziklarken-amerikali-elinde-misir-bu-ayibi-izliyor-780802h.htm,https://cdn.yenicaggazetesi.com.tr/author/sahin-001.jpg,2024-03-30 00:02:00+03:00,yenicag
Millî Mücadele’ye muhalif dinci kişiler ve topluluklar,Ahmet YABULOĞLU yazdı...,https://www.yenicaggazetesi.com.tr/milli-mucadeleye-muhalif-dinci-kisiler-ve-topluluklar-780588h.htm,https://cdn.yenicaggazetesi.com.tr/author/_b.jpg,2024-03-30 00:01:00+03:00,yenicag
Hakemler arasında iç savaş çıktı,Türkiye Faal Futbol Hakemleri ve Gözlemcileri Derneği (TFFHGD) Genel Merkez seçimleri yaklaşırken hakemler arasındaki gerilim dikkat çekiyor.,https://www.yenicaggazetesi.com.tr/hakemler-arasinda-ic-savas-cikti-780809h.htm,https://cdn.yenicaggazetesi.com.tr/news/1146668.jpg,2024-03-30 00:49:48+03:00,yenicag
İlker Başbuğ'da topa girdi. Ali Koç'la ilgili flaş açıklama,Ligden çekilme tartışmaları ile meşgul olan Fenerbahçe'de İlker Başbuğ'dan sürpriz bir açıklama geldi.,https://www.yenicaggazetesi.com.tr/ilker-basbugda-topa-girdi-ali-kocla-ilgili-flas-aciklama-780808h.htm,https://cdn.yenicaggazetesi.com.tr/news/1146663.jpg,2024-03-30 00:42:33+03:00,yenicag
Federasyon açıkladı derbi resmen ertelendi. Sebep olarak Avrupa maçı gösterildi,Fenerbahçe Beko-Beşiktaş Emlakjet derbisi ileri bir tarihe ertelendi.,https://www.yenicaggazetesi.com.tr/federasyon-acikladi-derbi-resmen-ertelendi-sebep-olarak-avrupa-maci-gosterildi-780806h.htm,https://cdn.yenicaggazetesi.com.tr/news/1146664.jpg,2024-03-30 00:32:00+03:00,yenicag
Brad Pitt vazgeçti. Angelina Jolie’ye senin olsun dedi,Brad Pitt'in çocukların ortak velayetini talep etmekten vazgeçtiği bildirildi.,https://www.yenicaggazetesi.com.tr/brad-pitt-vazgecti-angelina-jolieye-senin-olsun-dedi-780909h.htm,https://cdn.yenicaggazetesi.com.tr/news/1146815.jpg,2024-03-30 12:14:00+03:00,yenicag
Bergüzar Korel eşi Halit Ergenç'le çektiği cesur sahnelerle ilgi ilk kez konuştu,"Londra-İstanbul arasında mekik dokuyan Bergüzar Korel, paylaşımları ve başarılı kariyeriyle gündemden düşmüyor. Oyuncu son olarak eşi Halit Ergenç ile yakınlaşma sahneleri hakkında konuştu.",https://www.yenicaggazetesi.com.tr/berguzal-korel-esi-halit-ergencle-cektigi-cesur-sahnelerle-ilgi-ilk-kez-konustu-780899h.htm,https://cdn.yenicaggazetesi.com.tr/news/1146807.jpg,2024-03-30 11:37:00+03:00,yenicag
Ünlü şarkıcının hamile eşinden kötü haber. Baba olmak için gün sayıyordu,"3 ay önce Nezaket Şimşek'le dünyaevine giren ve kısa bir süre önce eşinin hamile olduğunu açıklayan Kurtuluş Kuş, konuk olduğu programda eşi ile ilgili kötü bir haber verdi.",https://www.yenicaggazetesi.com.tr/unlu-sarkicinin-hamile-esinden-kotu-haber-baba-olmak-icin-gun-sayiyordu-780879h.htm,https://cdn.yenicaggazetesi.com.tr/news/1146773.jpg,2024-03-30 10:46:00+03:00,yenicag
Survivor Emre eşinden boşanıyor mu? 'Aleyna'dan uzak dur' demişti. İlk açıklama geldi,Survivor All Star 2024'ün çok konuşulan yarışmacılarından biri olan Yunus Emre Özden'in eşinden boşanma iddialarıyla ilgili açıklama geldi.,https://www.yenicaggazetesi.com.tr/survivor-emre-esinden-bosaniyor-mu-aleynadan-uzak-dur-demisti-ilk-aciklama-geldi-780878h.htm,https://cdn.yenicaggazetesi.com.tr/news/1146767.jpg,2024-03-30 10:41:00+03:00,yenicag
Yaprak Dökümü’nün Hayriye’sinden şok itiraf,"Yaprak Dökümü'nde canlandırdığı “Hayriye Hanım” karakteri ile özdeşleşen usta oyuncu Güven Hokna, katıldığı bir programda, çarpıcı bir itirafta bulundu.",https://www.yenicaggazetesi.com.tr/yaprak-dokumunun-hayriyesinden-sok-itiraf-780864h.htm,https://cdn.yenicaggazetesi.com.tr/news/1146751.jpg,2024-03-30 10:05:00+03:00,yenicag
Ece Seçkin'in 72 saatlik klibinin bedeli ağızları açık bıraktı. Bir ilke imza attı,"Ünlü şarkıcı Ece Seçkin 72 saatte 4 klip çekti. Seçkin, bu klip çekimleri için milyonlarca lira harcadı.",https://www.yenicaggazetesi.com.tr/ece-seckinin-72-saatlik-klibinin-bedeli-agizlari-acik-birakti-bir-ilke-imza-atti-780846h.htm,https://cdn.yenicaggazetesi.com.tr/news/1146717.jpg,2024-03-30 09:11:14+03:00,yenicag
Ceyda Düvenci ile büyük aşk yaşamıştı. Kaan Girgin’in son hali ortaya çıktı,"90'ların yakışıklısı Kaan Girgin’in ortaya çıkan son hali adeta, ""zaman çok acımasız davanmış"" dedirtti. Bir dönem Ceyda Düvenci ile büyük aşk yaşamıştı...",https://www.yenicaggazetesi.com.tr/ceyda-duvenci-ile-buyuk-ask-yasamisti-kaan-girginin-son-hali-ortaya-cikti-780672h.htm,https://cdn.yenicaggazetesi.com.tr/news/1146500.jpg,2024-03-29 16:13:00+03:00,yenicag
Hasan Can Kaya açık konuştu. 'Hayranımla birlikte olurum',Ünlü komedyen Hasan Can Kaya magazin gazetecilerine verdiği iftarda hayranlarını heyecanlandıracak bir açıklama yaptı.,https://www.yenicaggazetesi.com.tr/hasan-can-kaya-acik-konustu-hayranimla-birlikte-olurum-780666h.htm,https://cdn.yenicaggazetesi.com.tr/news/1146495.jpg,2024-03-29 15:59:00+03:00,yenicag
28 yaşındaki kızları Merve güzelliğiyle mest etti. Annesi Serpil Çakmaklı babası Yalçın Dümer...,Amerika'da yaşamakta ve güzelliğiyle dikkat çeken Merve Dümer'in Annesi Serpil Çakmaklı babası Yalçın Dümer... İşte detaylar...,https://www.yenicaggazetesi.com.tr/28-yasindaki-kizlari-merve-guzelligiyle-mest-etti-annesi-serpil-cakmakli-babasi-780653h.htm,https://cdn.yenicaggazetesi.com.tr/news/1146476.jpg,2024-03-29 15:37:00+03:00,yenicag
Ünlü oyuncu Pelin Karahan'dan şok itiraf: Kadınlar çıplak fotoğraflar gönderiyor,"Ünlü oyuncu Pelin Karahan, ""Kadınlar eşime çıplak fotoğraflarını gönderiyordu ama ben takılmam öyle şeylere"" sözlerini kullandı.",https://www.yenicaggazetesi.com.tr/unlu-oyuncu-pelin-karahandan-sok-itiraf-kadinlar-ciplak-fotograflar-gonderiyor-780642h.htm,https://cdn.yenicaggazetesi.com.tr/news/1146464.jpg,2024-03-29 15:06:00+03:00,yenicag
Kadir İnanır'la ilgili flaş gelişme. Doktoru son durumunu açıkladı,"Sanatçı Kadir İnanır'ın yoğun bakımdan çıkarılacağı bildirildi. Prof. Dr. Necdet Sağlam, Kadir İnanır’ın son durumunu açıkladı.",https://www.yenicaggazetesi.com.tr/kadir-inanirla-ilgili-flas-gelisme-doktoru-son-durumunu-acikladi-780627h.htm,https://cdn.yenicaggazetesi.com.tr/news/1146444.jpg,2024-03-29 14:07:00+03:00,yenicag
Bu kez enerciii Dilan Polat’ın kaynanası Şükran Polat’ta! 1 liralık illegal işe girdi,Dilan Polat’ın kayınvalidesi Şükran Polat Instagram hesabından 1 liralık sağlık ürünü reklamı yaptı.,https://www.yenicaggazetesi.com.tr/bu-kez-enerciii-dilan-polatin-kaynanasi-sukran-polatta-1-liralik-illegal-ise-girdi-780576h.htm,https://cdn.yenicaggazetesi.com.tr/news/1146388.jpg,2024-03-29 12:05:00+03:00,yenicag
Pelin Karahan’dan çıplak fotoğraf itirafı,"Pelin Karahan, katıldığı Youtube programında eşiyle ilgili ilginç açıklamalar yaptı.",https://www.yenicaggazetesi.com.tr/pelin-karahandan-ciplak-fotograf-itirafi-780621h.htm,https://cdn.yenicaggazetesi.com.tr/news/1146438.jpg,2024-03-29 13:53:00+03:00,yenicag
Hasan Can Kaya’dan ‘Hayranınızla birlikte olur musunuz?’ sorusuna olay cevap,"Komedyen Hasan Can Kaya, gazetecilerin “Hayranınızla birlikte olur musunuz?” sorusuna yanıt verdi.",https://www.yenicaggazetesi.com.tr/hasan-can-kayadan-hayraninizla-birlikte-olur-musunuz-sorusuna-olay-cevap-780612h.htm,https://cdn.yenicaggazetesi.com.tr/news/1146429.jpg,2024-03-29 13:36:15+03:00,yenicag
Arka Sokaklar dizisine 3 sürpriz isim,Kanal D’nin 18 yıldır ekrana gelen polisiye dizisi “Arka Sokaklar”ın oyuncu kadrosu büyüyor.,https://www.yenicaggazetesi.com.tr/arka-sokaklar-dizisine-3-surpriz-isim-780605h.htm,https://cdn.yenicaggazetesi.com.tr/news/1146423.jpg,2024-03-29 13:24:00+03:00,yenicag
Nejat İşler: Ben her gün ölümü düşünüyorum,"Nejat İşler, hayatın kaçınılmaz sonunu sıkça düşündüğünü, “Ben her gün ölümü düşünüyorum. Öleceğini bilen tek varlık biziz. O yüzden bıraksınlar bu işleri” sözleriyle ifade etti.",https://www.yenicaggazetesi.com.tr/nejat-isler-ben-her-gun-olumu-dusunuyorum-780528h.htm,https://cdn.yenicaggazetesi.com.tr/news/1146313.jpg,2024-03-29 10:00:00+03:00,yenicag
Yunus Emre'nin sözleri şoke etti: Havalimanında seni bekliyor… Karısı 'Aleyna'dan uzak dur' demişti!,Yunus Emre'nin karısı 'Aleyna'dan uzak dur' dediği biliniyor. Aleyna eleme adayı olunca Yunus Emre'nin sözleri şoke etti.,https://www.yenicaggazetesi.com.tr/yunus-emrenin-sozleri-soke-etti-havalimaninda-seni-bekliyor-karisi-aleynadan-uzak-780520h.htm,https://cdn.yenicaggazetesi.com.tr/news/1146303.jpg,2024-03-29 09:45:00+03:00,yenicag
Röportaj vermeyi sevmeyen 10 ünlü belli oldu. Gizemli kalmak istiyorlar,Dünyaca ünlü oyuncular ve modellerden bazıları röportaj vermeyi sevmiyorlar. Bu sebeple özel yaşamlarına saygı ve gizem istiyorlar. İşte o 10 ünlü...,https://www.yenicaggazetesi.com.tr/roportaj-vermeyi-sevmeyen-10-unlu-belli-oldu-gizemli-kalmak-istiyorlar-780487h.htm,https://cdn.yenicaggazetesi.com.tr/news/1146255.jpg,2024-03-29 07:55:00+03:00,yenicag
Menzilci Yaşar Alptekin 4 katlı saray yavrusunun kapılarını açtı. Evlilik köşesi bahçe jakuzisi ve daha neler neler…,"Son dönemde camide vaaz verdiği anlarla gündeme gelen oyuncu Yaşar Alptekin Aramızda Kalmasın'a evinin kapılarını açtı. Saray yavrusu evini gezdiren oyuncunun evinin detayları gündem oldu. Alptekin'in evinde evcilik köşesi, bahçe jakuzisi ve manevi detaylar yer alıyor.",https://www.yenicaggazetesi.com.tr/menzilci-yasar-alptekin-4-katli-saray-yavrusunun-kapilarini-acti-evlilik-kosesi-780329h.htm,https://cdn.yenicaggazetesi.com.tr/news/1146043.jpg,2024-03-28 16:22:00+03:00,yenicag
Kuşum Aydın Tiktok'ta ateş püskürdü: Param bitti ayıp be,"Kuşum Aydın,  son TikTok gönderisiyle yeniden gündeme gelerek influencerlara sert sözler sarf etti.",https://www.yenicaggazetesi.com.tr/kusum-aydin-tiktokta-ates-puskurdu-param-bitti-ayip-be-780315h.htm,https://cdn.yenicaggazetesi.com.tr/news/1146026.jpg,2024-03-28 15:33:00+03:00,yenicag
Türk Telekom'a Çin'den 200 milyon dolar,Türk Telekom Bank of China ve The Export-Import Bank of China ile 200 milyon euoluk kredi anlaşması imzaladı.,https://www.yenicaggazetesi.com.tr/turk-telekoma-cinden-200-milyon-dolar-780885h.htm,https://cdn.yenicaggazetesi.com.tr/news/1146781.jpg,2024-03-30 10:54:00+03:00,yenicag
Türk ayakkabı fabrikası iflas etti. 147 işçi bayram öncesi işsiz kaldı,"Bartın’da 40 yıldır faaliyet gösteren Akasya Ayakkabı adlı firma, ekonomik zorluklar nedeniyle iflas etti. 147 işçi Ramazan Bayramı’na sayılı günler kala işsiz kaldı.",https://www.yenicaggazetesi.com.tr/turk-ayakkabi-fabrikasi-iflas-etti-147-isci-bayram-oncesi-issiz-kaldi-780827h.htm,https://cdn.yenicaggazetesi.com.tr/news/1146690.jpg,2024-03-30 07:33:00+03:00,yenicag
Ünlü gıda devi iflas bayrağını çekti! 200 şube kapatıldı binlerce kişi işsiz kaldı,"200 şubesi bulunan Maksul Gıda 2021 yılında konkordato istemişti. Kuru yemiş, bakliyat ve baharat ürünleri satışı yapan marka iflas bayrağını çekti.",https://www.yenicaggazetesi.com.tr/unlu-gida-devi-iflas-bayragini-cekti-200-sube-kapatildi-binlerce-kisi-issiz-kaldi-780824h.htm,https://cdn.yenicaggazetesi.com.tr/news/1146687.jpg,2024-03-30 06:54:00+03:00,yenicag
Bayram öncesi emekliyi çok kızdıran 'müjde',"16 milyon emekli seçim öncesi ne seyyanen zam, ne de enflasyona göre tatmin edici bir bayram ikramiyesi alabildi. Buna rağmen iktidar medyası ‘müjde’ vermeye devam ediyor. Ulaşım Bakanı Abdülkadir Uraloğlu’nun demiryollarında emeklilere yüzde 10 indirim verileceğini duyurmasının ardından iktidar medyası bu haberi de ‘müjde’ diye servis etti.",https://www.yenicaggazetesi.com.tr/bayram-oncesi-emekliyi-cok-kizdiran-mujde-780823h.htm,https://cdn.yenicaggazetesi.com.tr/news/1146684.jpg,2024-03-30 06:28:00+03:00,yenicag
İstinye park satıldı. Hisselerinin tamamını satın aldılar,"Doğuş Turizm Sağlık Yatırımları Şirketi, İstinyePark İstanbul Alışveriş Merkezi'nin kendisine ait olan hisselerini diğer ortak Orjin Gayrimenkul Grubu'na satarak ortaklıktan çekildi.",https://www.yenicaggazetesi.com.tr/istinye-park-satildi-hisselerinin-tamamini-satin-aldilar-780766h.htm,https://cdn.yenicaggazetesi.com.tr/news/1146621.jpg,2024-03-30 05:11:00+03:00,yenicag
Borsa günü yükselişle tamamladı. Borsada en çok hangi sektör kazandırdı?,"Borsa İstanbul’da BIST 100 endeksi, gün sonunda yüzde 0,69’luk bir artışla 9.142,40 puan seviyesinde kapandı.",https://www.yenicaggazetesi.com.tr/borsa-gunu-yukselisle-tamamladi-borsada-en-cok-hangi-sektor-kazandirdi-2-780726h.htm,https://cdn.yenicaggazetesi.com.tr/news/1146569.jpg,2024-03-29 19:23:09+03:00,yenicag
Limonun fiyatı pes dedirtti. Cebinizdeki para limon gibi sıkılıyor,Üreticide 3 lira 50 kuruş olan limon markette 16 lira 73 kuruşa satıldı. Bu açıklama Türkiye Ziraat Odaları Birliği Genel Başkanı Şemsi Bayraktar'dan geldi. Limonun ağaçtaki fiyatıyla market tezgahının arasındaki fiyat farkı neredeyse 5 katı.,https://www.yenicaggazetesi.com.tr/limonun-fiyati-pes-dedirtti-cebinizdeki-para-limon-gibi-sikiliyor-780682h.htm,https://cdn.yenicaggazetesi.com.tr/news/1146511.jpg,2024-03-29 16:32:00+03:00,yenicag
Tek kullanımlık zeytinyağı satılmaya başlandı,"Boş baklava, gözleme ve dilim karpuzun ardından geçen sene ihracat rekoru kıran zeytinyağı milim milim satılmaya başlandı.",https://www.yenicaggazetesi.com.tr/tek-kullanimlik-zeytinyagi-satilmaya-baslandi-780674h.htm,https://cdn.yenicaggazetesi.com.tr/news/1146492.jpg,2024-03-29 16:15:00+03:00,yenicag
Türkiye'de bedavaya arazi sahibi olabilirsiniz: Yatırım uzmanı kimsenin bilmediği sırrı açıkladı! Püf noktayı öğrenen herkesin tapusu olacak,"Gayrimenkul uzmanı Murat Gültekin, sosyal medya platformları aracılığıyla yaptığı paylaşımlarla dikkat çekiyor. Son olarak, Türkiye'de hiç para harcamadan arazi sahibi olmanın yöntemini açıkladı. İşte Murat Gültekin'in o paylaşımı...",https://www.yenicaggazetesi.com.tr/turkiyede-bedavaya-arazi-sahibi-olabilirsiniz-780650h.htm,https://cdn.gunboyugazetesi.com.tr/news/399565.jpg,2024-03-29 15:30:00+03:00,yenicag
SGK'dan toplu para iadesi alabilirsiniz. Dikkat,Sosyal Güvenlik Kurumu’na yatırılan fazla primler toplu para olarak iade alınabiliyor. İşte detaylar….,https://www.yenicaggazetesi.com.tr/sgkdan-toplu-para-iadesi-alabilirsiniz-dikkat-780637h.htm,https://cdn.yenicaggazetesi.com.tr/news/1146458.jpg,2024-03-29 14:53:00+03:00,yenicag
Ali Tezel en düşük emekli maaşı 13 bin 200 lira olacak dedi! İktidarın son zam planının açıkladı,"En düşük emekli maaşının 10 bin liraya yükseltilmesinin ardından maaşlarına ek zam bekleyen emekliye Cumhurbaşkanı Erdoğan temmuz ayını işaret ederek seslendi. SGK Uzmanı Ali Tezel, temmuz ayında emekli maaşlarına gelecek zam için net rakam verdi. Detaylar haberde…",https://www.yenicaggazetesi.com.tr/ali-tezel-en-dusuk-emekli-maasi-13-bin-200-lira-olacak-dedi-780635h.htm,https://cdn.gunboyugazetesi.com.tr/news/399552.jpg,2024-03-29 14:37:00+03:00,yenicag
Flaş...Flaş...Otobüs biletlerine bayram ve seçim zammı,"Tüm Otobüsçüler Federasyonu Genel Başkanı Mustafa Yıldırım, seçim ve Ramazan Bayramı öncesinde otobüs biletleri fiyatlarında yaklaşık yüzde 20 artış yaşandığını kaydetti.",https://www.yenicaggazetesi.com.tr/flas-flas-otobus-biletlerine-bayram-ve-secim-zammi-780624h.htm,https://cdn.yenicaggazetesi.com.tr/news/1146439.jpg,2024-03-29 14:02:16+03:00,yenicag
Kanser hastası arkadaşıyla dalga geçen oğluna unutulmaz bir ders verdi!,Oğlunun kanser hastası kel bir çocuğa zorbalık yaptığını öğrenen baba ona unutamayacağı bir ders verdi.,https://www.yenicaggazetesi.com.tr/kanser-hastasi-arkadasiyla-dalga-gecen-ogluna-unutulmaz-bir-ders-verdi-780805h.htm,https://cdn.yenicaggazetesi.com.tr/news/1146666.jpg,2024-03-30 00:32:03+03:00,yenicag
Sokak röportajında tepki toplayan konuşma: 'Atatürk'ün bize bir faydası yok. Atatürk öldü ya. Erdoğan gibisi gelmez',Sokak röportajında konuşurken yaşlı amcanın Cumhurbaşkanı Erdoğan'ı eleştirdiğini duyan kadın saldırdı:'Senin dişlerini eline dökerim mamayla beslenirsin. Tayyip'i ağzına alırken bismillah de',https://www.yenicaggazetesi.com.tr/sokak-roportajinda-tepki-toplayan-konusma-ataturkun-bize-bir-faydasi-yok-ataturk-780800h.htm,https://cdn.yenicaggazetesi.com.tr/news/1146661.jpg,2024-03-29 23:59:00+03:00,yenicag
Şişli'deki zincir markette gezen kedi market taşınınca kapıda kaldı,"Şişli'deki zincir market şubesinde gezinerek gelen müşterilere mama aldıran sokak kedisinin, şube başka bir yere taşındığında marketin kapısında kaldığı anlar duygusal görüntüler oluşturdu",https://www.yenicaggazetesi.com.tr/sislideki-zincir-markette-gezen-kedi-market-tasininca-kapida-kaldi-780797h.htm,https://cdn.yenicaggazetesi.com.tr/news/1146656.jpg,2024-03-29 23:43:32+03:00,yenicag
Gurbetçi teyzeden alışılmışın dışında açıklama: 'Almanya'da herkes bey gibi geçiniyor',"Almanya'daki geçim durumu hakkında açıklama yapan gurbetçi kadının sözleri sosyal medyada ve gündemde tartışma konusu oldu:'Herkes bey gibi geçiniyor. İşi olmayana da devlet veriyor. Sıkıntı yok, rahat olsunlar.'",https://www.yenicaggazetesi.com.tr/gurbetci-teyzeden-alisilmisin-disinda-aciklama-almanyada-herkes-bey-gibi-geciniyor-780793h.htm,https://cdn.yenicaggazetesi.com.tr/news/1146651.jpg,2024-03-29 23:37:46+03:00,yenicag
Kendi sütünü içen inek görenleri şaşırttı,"Sosyal medyada paylaşılan video, bir inek tarafından kendi sütünün memesinden içilmesiyle ilginç bir görüntü oluşturdu.",https://www.yenicaggazetesi.com.tr/kendi-sutunu-icen-inek-gorenleri-sasirtti-780790h.htm,https://cdn.yenicaggazetesi.com.tr/news/1146649.jpg,2024-03-29 23:31:03+03:00,yenicag
Kuaförde güzelce saçlarını yaptırdı: İşlemin 30 bin lira tuttuğunu öğrenince kaçmaya çalıştı,"İzmir'deki bir kuaförde kaynak saç yaptıran kadın, parayı ödemeden topuklamaya çalıştı. Kuaför sahiplerinin, polisi çağırmasıyla arbede yaşandı.",https://www.yenicaggazetesi.com.tr/kuaforde-guzelce-saclarini-yaptirdi-ucretin-30-bin-lira-tuttugunu-ogrenince-kacmaya-780788h.htm,https://cdn.yenicaggazetesi.com.tr/news/1146647.jpg,2024-03-29 23:25:00+03:00,yenicag
İşsizlikte seviye atladı: 'Bir bavulu kaç spagettiyle kaldırabilirim?',Sosyal medyada içerik üreten bir adamın çektiği video ilgi çekti. Bir bavulu kaldırmak için kaç spagettiye ihtiyacı olduğunu merak eden adama yorum yağdı.,https://www.yenicaggazetesi.com.tr/issizlikte-seviye-atladi-bir-bavulu-kac-spagettiyle-kaldirabilirim-780785h.htm,https://cdn.yenicaggazetesi.com.tr/news/1146643.jpg,2024-03-29 23:02:27+03:00,yenicag
Ev kedisi dile geldi: Sahibine 'hayır' diyen kedi viral oldu!,Koltuğun tepesinde oturan kedisini görünce aşağı inmesini istedi. Kedisinin 'hayır' der gibi miyavlaması ise sosyal medyada gündem oldu.,https://www.yenicaggazetesi.com.tr/ev-kedisi-dile-geldi-sahibine-hayir-diyen-kedi-viral-oldu-780779h.htm,https://cdn.yenicaggazetesi.com.tr/news/1146634.jpg,2024-03-29 22:48:00+03:00,yenicag
Epilepsi hastalarına müjde. İşte şifa deposu ot,Epilepsi hastalarına müjde dedirten gelimkara otu ortaya çıktı.,https://www.yenicaggazetesi.com.tr/epilepsi-hastalarina-mujde-iste-sifa-deposu-ot-780867h.htm,https://cdn.yenicaggazetesi.com.tr/news/1146759.jpg,2024-03-30 10:11:58+03:00,yenicag
Yabani keten otu nelere iyi geliyor? İşte faydaları...,Şifalı bitkiler arasında önemli yer tutan yabani keten otunun mucize faydaları dikkat çekti.,https://www.yenicaggazetesi.com.tr/yabani-keten-otu-nelere-iyi-geliyor-iste-faydalari-780860h.htm,https://cdn.yenicaggazetesi.com.tr/news/1146750.jpg,2024-03-30 10:00:00+03:00,yenicag
Saçkırana faydalı olan ot ortaya çıktı,İnsanların korkulu rüyası olan saçkırana şifa olan fulya otu ortaya çıktı.,https://www.yenicaggazetesi.com.tr/sackirana-faydali-olan-ot-ortaya-cikti-780856h.htm,https://cdn.yenicaggazetesi.com.tr/news/1146744.jpg,2024-03-30 09:55:00+03:00,yenicag
Kansızlığa (Anemiye) iyi gelen mucize meyve ortaya çıktı,İnsanların korkulu rüyası olan kansızlık olarak bilinen anemiye iyi gelen döngel meyvesi ortaya çıktı.,https://www.yenicaggazetesi.com.tr/kansizliga-anemiye-iyi-gelen-mucize-meyve-ortaya-cikti-780853h.htm,https://cdn.yenicaggazetesi.com.tr/news/1146736.jpg,2024-03-30 09:42:00+03:00,yenicag
Dişleri temizler. Ağız kokusunu giderir. İşte o ot,"Dişleri temizleyen, diş etlerini kuvvetlendiren ağız kokusunu gideren sivak otu ortaya çıktı.",https://www.yenicaggazetesi.com.tr/disleri-temizler-agiz-kokusunu-giderir-iste-o-ot-780850h.htm,https://cdn.yenicaggazetesi.com.tr/news/1146729.jpg,2024-03-30 09:30:00+03:00,yenicag
Şifa deposu otun iyi gelmediği hastalık yok. İşte mucize faydaları...,Şifa deposu olarak bilinen adipelin otunun mucize faydaları ortaya çıktı.,https://www.yenicaggazetesi.com.tr/sifa-deposu-otun-iyi-gelmedigi-hastalik-yok-iste-mucize-faydalari-780849h.htm,https://cdn.yenicaggazetesi.com.tr/news/1146725.jpg,2024-03-30 09:22:00+03:00,yenicag
Mucize ot iç ve dış kanamaları böyle iyileştiriyor,Kemik kökü otu ölümcül sonuçlara giden iç ve dış kanamaları iyileştirmesiyle dikkat çekti.,https://www.yenicaggazetesi.com.tr/mucize-ot-ic-ve-dis-kanamalari-boyle-iyilestiriyor-780847h.htm,https://cdn.yenicaggazetesi.com.tr/news/1146721.jpg,2024-03-30 09:12:00+03:00,yenicag
Fatih Sultan Mehmet’i perişan eden hastalık yeniden hortladı. Artık gençlerde de görülüyor,"Bir zamanlar Fatih Sultan Mehmet’i perişan eden hastalık yeniden hortladı. Uzmanlar, hastalığın gençlerde de görüldüğüne dikkat çekerken hastalığın dayanılmaz ağrılara neden olduğu belirtiliyor.",https://www.yenicaggazetesi.com.tr/fatih-sultan-mehmeti-perisan-eden-hastalik-yeniden-hortladi-artik-genclerde-de-780603h.htm,https://cdn.yenicaggazetesi.com.tr/news/1146415.jpg,2024-03-29 13:21:06+03:00,yenicag
Etten 25 kat daha fazla protein var. Lezzetiyle etin önüne geçiyor. Et yiyemeyen emekliler sevinmesin bu da çok pahalı,"İstiridye mantarının besin açısından zengin ve damak zevkine hitap eden bir gıda olduğu bildirildi. Bu gıdanın etten 25 kat daha fazla proteini olduğu ifade edildi. Faydalarıyla göz dolduran istiridye mantarıyla ilgili, ""Et yiyemeyen emekliler sevinmesin bu da çok pahalı"" yorumu da yapıldı.",https://www.yenicaggazetesi.com.tr/etten-25-kat-daha-fazla-protein-var-lezzetiyle-etin-onune-geciyor-et-yiyemeyen-780582h.htm,https://cdn.yenicaggazetesi.com.tr/news/1146387.jpg,2024-03-29 12:22:00+03:00,yenicag
Egzamaya düşman yiyecekler. Listedeki besinlere çok şaşıracaksınız,"Egzama, birçok kişinin mücadele ettiği hastalıklardan bir olarak karşımıza çıkıyor. Çoğu hastalıkta olduğu gibi egzamada da yediğimiz yiyecekler, hastalığın belirtilerinin azalmasında ya da artmasında kritik bir rol oynuyor. İşte egzamaya düşman yiyecekler…",https://www.yenicaggazetesi.com.tr/egzamaya-dusman-yiyecekler-listedeki-besinlere-cok-sasiracaksiniz-780565h.htm,https://cdn.yenicaggazetesi.com.tr/news/1146370.jpg,2024-03-29 11:37:00+03:00,yenicag
Çoban çırası otu nelere iyi geliyor? Neredeyse cilt dolusu faydaları var,"Şifalı bitkiler arasında önemli bir yer tutan çoban çırası otunun mucize faydaları ortaya çıktı. Bu ot adeta, ""Neredeyse cilt dolusu faydaları var"" dedirtti.",https://www.yenicaggazetesi.com.tr/coban-cirasi-otu-nelere-iyi-geliyor-neredeyse-cilt-dolusu-faydalari-var-780560h.htm,https://cdn.yenicaggazetesi.com.tr/news/1146363.jpg,2024-03-29 11:25:00+03:00,yenicag
Soğukluk otunun faydaları nelerdir? Neye iyi gelir ne işe yarar?,Şifalı bitkiler arasında önemli bir yer tutan soğukluk otunun mucize faydaları ortaya çıktı.,https://www.yenicaggazetesi.com.tr/sogukluk-otunun-faydalari-nelerdir-neye-iyi-gelir-ne-ise-yarar-780555h.htm,https://cdn.yenicaggazetesi.com.tr/news/1146357.jpg,2024-03-29 11:14:00+03:00,yenicag
100 yaşına kadar yaşamanın sırrı bu besinde. Japon diyetisyen açıkladı,"Japon diyetisyen ve beslenme uzmanı Asako Miyashita, uzun ömürlü yaşamanın anahtarını arayanlara Japonların sıklıkla tükettiği gıdaları önerdi.",https://www.yenicaggazetesi.com.tr/100-yasina-kadar-yasamanin-sirri-bu-besinde-japon-diyetisyen-acikladi-780550h.htm,https://cdn.yenicaggazetesi.com.tr/news/1146348.jpg,2024-03-29 11:00:00+03:00,yenicag
Kolesterolü ve tansiyonu düşürüyor. Vücuttaki ödemi atıyor. İşte şifa deposu ot,Kolesterolü ve tansiyonu düşüren ayrıca vücuttaki ödemi atan hedera otu şifa deposu ot olarak ortaya çıktı.,https://www.yenicaggazetesi.com.tr/kolesterolu-ve-tansiyonu-dusuruyor-vucuttaki-odemi-atiyor-iste-sifa-deposu-ot-780539h.htm,https://cdn.yenicaggazetesi.com.tr/news/1146332.jpg,2024-03-29 10:21:00+03:00,yenicag
İşte regl kanamasını artırarak aybaşı dönemini kolaylaştıran ot,Regl kanamasını artırarak aybaşı dönemini kolaylaştıran ot olarak azvay otu ortaya çıktı.,https://www.yenicaggazetesi.com.tr/iste-regl-kanamasini-artirarak-aybasi-donemini-kolaylastiran-ot-780532h.htm,https://cdn.yenicaggazetesi.com.tr/news/1146323.jpg,2024-03-29 10:08:00+03:00,yenicag
İşte asabi ağrıları dindiren ot,İnsanların korkulu rüyası olan asabi ağrıları dindiren ot olarak hasekiküpesi otu ortaya çıktı.,https://www.yenicaggazetesi.com.tr/iste-asabi-agrilari-dindiren-ot-780513h.htm,https://cdn.yenicaggazetesi.com.tr/news/1146294.jpg,2024-03-29 09:23:00+03:00,yenicag
Cilt hastalıklarında faydalıdır. Frengide kullanılır. İşte mucize ot,Cilt hastalıklarında faydalı olan ve frengide kullanılan frengikökü otu ortaya çıktı.,https://www.yenicaggazetesi.com.tr/cilt-hastaliklarinda-faydalidir-frengide-kullanilir-iste-mucize-ot-780511h.htm,https://cdn.yenicaggazetesi.com.tr/news/1146289.jpg,2024-03-29 09:16:00+03:00,yenicag
Gölün dibinden 137 yıllık gemi enkazı çıktı. Sapasağlam bulundu,ABD’de Michigan Gölü’nün dibinden 137 yıllık gemi enkazı bulundu. Gemi enkazının sağlam olduğu öğrenildi.,https://www.yenicaggazetesi.com.tr/golun-dibinden-137-yillik-gemi-enkazi-cikti-sapasaglam-bulundu-780857h.htm,https://cdn.yenicaggazetesi.com.tr/news/1146743.jpg,2024-03-30 09:55:54+03:00,yenicag
ABD basını ortaya çıkardı: İsrail’e dev askeri sevkiyat,"ABD yönetiminin kamuoyuna duyurmadan, İsrail'e milyarlarca dolarlık yeni savaş uçağı ve binlerce yeni güdümsüz bomba sevkiyatına onay verdiği ortaya çıktı.",https://www.yenicaggazetesi.com.tr/abd-basini-ortaya-cikardi-israile-dev-askeri-sevkiyat-780817h.htm,https://cdn.yenicaggazetesi.com.tr/news/1146677.jpg,2024-03-30 05:34:00+03:00,yenicag
Belçika’da sosyal konutta kalan 233 kişinin Türkiye’de mülkü olduğu ortaya çıktı. Uyanıklığa bak,Belçika’da haksız yere sosyal konutta oturduğu tespit edilen 233 Türk’e yaptırım uygulandığı belirtildi.,https://www.yenicaggazetesi.com.tr/belcikada-sosyal-konutta-kalan-233-kisinin-turkiyede-mulku-oldugu-ortaya-cikti-780668h.htm,https://cdn.yenicaggazetesi.com.tr/news/1146487.jpg,2024-03-29 16:02:00+03:00,yenicag
Sol tarafı evlendi sağ tarafı bekar. Yapışık ikiz kız kardeşlerden biri eski askerle evlendi,"Amerika’da kız kardeşi ile aynı vücudu paylaşan Abby Hensel, 34 yaşında evlendi. Yapışık kardeş Brittaney Hensel bekar olarak aynı bedende yaşamına devam edecek.",https://www.yenicaggazetesi.com.tr/sol-tarafi-evlendi-sag-tarafi-bekar-780643h.htm,https://cdn.yenicaggazetesi.com.tr/news/1146463.jpg,2024-03-29 15:08:00+03:00,yenicag
Kaldırımda bulduğu insan bacağını yedi. Dehşet olay,ABD’de bir vatandaş yola savrulan insan bacağını eline alıp yedi. Adamı görenler şoke oldu.,https://www.yenicaggazetesi.com.tr/kaldirimda-buldugu-insan-bacagini-yedi-dehset-olay-780594h.htm,https://cdn.yenicaggazetesi.com.tr/news/1146407.jpg,2024-03-29 12:52:00+03:00,yenicag
Yolcu otobüsü köprüden uçtu. 45 ölü,Güney Afrika’da bir yolcu otobüsü köprüden düşerek şarampole yuvarlandı. Kazada 46 kişinde 45’i hayatını kaybetti.,https://www.yenicaggazetesi.com.tr/yolcu-otobusu-kopruden-uctu-45-olu-780580h.htm,https://cdn.yenicaggazetesi.com.tr/news/1146391.jpg,2024-03-29 14:16:00+03:00,yenicag
Sapağı kaçıran kadın hekim canından oldu. Henüz 26 yaşındaydı,"Okmeydanı-Hasdal bağlantı yolunda meydana gelen korkunç bir kaza sonucunda, henüz 26 yaşındaki pratisyen diş hekimi Nurşah Kılınç hayatını kaybetti",https://www.yenicaggazetesi.com.tr/sapagi-kaciran-kadin-hekim-canindan-oldu-henuz-26-yasindaydi-780901h.htm,https://cdn.yenicaggazetesi.com.tr/news/1146798.jpg,2024-03-30 11:40:00+03:00,yenicag
Tesla alev alev yandı. Saniyeler içinde küle döndü. Yer: Bursa...,Bursa'nın Gemlik ilçesinde bir Tesla marka elektrikli otomobil alev alev yandı.,https://www.yenicaggazetesi.com.tr/tesla-alev-alev-yandi-saniyeler-icinde-kule-dondu-yer-bursa-780890h.htm,https://cdn.yenicaggazetesi.com.tr/news/1146787.jpg,2024-03-30 11:15:00+03:00,yenicag
Rusya'daki saldırıda can kaybı 144'e yükseldi,Rusya’nın başkenti Moskova’da meydana gelen terör saldırısında ölenlerin sayısı 144’e yükseldi.,https://www.yenicaggazetesi.com.tr/rusyadaki-saldirida-can-kaybi-144e-yukseldi-780724h.htm,https://cdn.yenicaggazetesi.com.tr/news/1146561.jpg,2024-03-29 19:04:53+03:00,yenicag
Yarım saatte 50 bin sipariş alan Xiaomi SU7. Elektrikli otomobilin en gözdesi oldu,"Teknoloji devi Xiaomi SU7, sadece 27 dakika içinde 50 bin adet satış rakamına ulaşarak hızlı bir başlangıç yaptı.",https://www.yenicaggazetesi.com.tr/yarim-saatte-50-bin-siparis-alan-xiaomi-su7-elektrikli-otomobilin-en-gozdesi-oldu-780664h.htm,https://cdn.yenicaggazetesi.com.tr/news/1146475.jpg,2024-03-29 15:56:00+03:00,yenicag
Gasp çetesine ‘Piyon’ operasyonu! Mutfak dolabında yakalandı,"Diyarbakır’da polis, hırsızlık ve gasp yapan şebekeye yönelik yaptığı ‘Piyon’ operasyonu düzenlendi. Şüphelilerden biri mutfak dolabında yakalandı.",https://www.yenicaggazetesi.com.tr/gasp-cetesine-piyon-operasyonu-mutfak-dolabinda-yakalandi-780649h.htm,https://cdn.yenicaggazetesi.com.tr/news/1146473.jpg,2024-03-29 15:32:37+03:00,yenicag
Emekli promosyonunda hangi banka ne kadar veriyor. İşte yeni liste,Emekli promosyonlarında yarış kızıştı. Kamu bankalarında emekli promosyonlarının artırılmasıyla birlikte özel bankalar da yarışa katıldı. 17 Bin 500 liraya kadar yükseldi.,https://www.yenicaggazetesi.com.tr/emekli-promosyonunda-hangi-banka-ne-kadar-veriyor-iste-yeni-liste-780609h.htm,https://cdn.yenicaggazetesi.com.tr/news/1146421.jpg,2024-03-29 14:28:00+03:00,yenicag
Tarlada 10 markette 43 tabağı 135 TL. Hasadı başladı sofraların vazgeçilmezi,"Adana'nın Çukurova İlçesi'nde turp, ıspanak ve pırasa gibi lezzetli ürünlerin hasadı başladı. Tarlada kilosu 10 TL'den satılan ıspanak marketlerde 43 TL'den alıcı buluyor. e-ticaret sitelerinde ise bir tabağı 135 TL'den satılıyor.",https://www.yenicaggazetesi.com.tr/tarlada-10-markette-43-tabagi-135-tl-hasadi-basladi-sofralarin-vazgecilmezi-780601h.htm,https://cdn.yenicaggazetesi.com.tr/news/1146420.jpg,2024-03-30 10:17:00+03:00,yenicag
Kot pantolonlarındaki bu zımbalar bakın ne işe yarıyor,"Kot pantolonlardaki metal zımbaların sadece süslü birer aksesuar olmadığını, aslında ne kadar önemli bir işleve sahip olduklarını anlatan bu metni yeniden yazabiliriz. İşte, Kot pantolonlarındaki bu zımbalar bakın ne işe yarıyor?",https://www.yenicaggazetesi.com.tr/kot-pantolonlarindaki-bu-zimbalar-bakin-ne-ise-yariyor-780595h.htm,https://cdn.yenicaggazetesi.com.tr/news/1146404.jpg,2024-03-29 13:15:00+03:00,yenicag
Türkiye 25 dolar milyarderi ile dünyada 20. Avrupa'da 5. Oldu. Kavanoz dipli dünya kimine dolar yedirirsin kimini de aç yatırırsın...,"Hurun Küresel Servet Raporu'na göre, Türkiye 25 dolar milyarderiyle dünyada ilk 20, Avrupa'da ise ilk 5'e girerek dünyanın en hızlı büyüyen milyarder ülkeleri arasında yer aldı.",https://www.yenicaggazetesi.com.tr/turkiye-25-dolar-milyarderi-ile-dunyada-20-avrupada-5-oldu-kavanoz-dipli-dunya-780592h.htm,https://cdn.yenicaggazetesi.com.tr/news/1146408.jpg,2024-03-29 12:46:00+03:00,yenicag
Bu resmi görenler gözlerine inanamadı. Gerçeğinden ayırt etmek neredeyse imkansız,Dünya çapında en çok oynana oyunlardan biri olan Minecraft’ta yapılan bir dizayn gerçeğinden ayırt edilemedi. Minecraft oynayan bir topluluk 6 yılda kocaman bir şehir inşa etti.,https://www.yenicaggazetesi.com.tr/bu-resmi-gorenler-gozlerine-inanamadi-gerceginden-ayirt-etmek-neredeyse-imkansiz-780656h.htm,https://cdn.yenicaggazetesi.com.tr/news/1146484.jpg,2024-03-29 15:42:29+03:00,yenicag
Instagram'da artık bu videolar karşınıza çıkmayacak,Instagram’da paylaşılan Reels videolarının keşfete düşme algoritması değişiyor. Artık arkadaşlarınızın en çok beğendikleri videolarla sizinkiler karşılaştırılacak. Sizin beğenilerinize uymayan içerikler keşfette yer almayacak.,https://www.yenicaggazetesi.com.tr/instagramda-artik-bu-videolar-karsiniza-cikmayacak-780523h.htm,https://cdn.yenicaggazetesi.com.tr/news/1146306.jpg,2024-03-29 09:49:00+03:00,yenicag
Dev karadeliğin en net fotoğrafı ortaya çıktı,Samanyolu Galaksisinde bulunan dev karadeliğin en net fotoğrafı ortaya çıktı. Fotoğrafta karadeliğin etrafındaki manyetik alanlar da görülüyor.,https://www.yenicaggazetesi.com.tr/dev-karadeligin-en-net-fotografi-ortaya-cikti-780217h.htm,https://cdn.yenicaggazetesi.com.tr/news/1145904.jpg,2024-03-28 11:14:39+03:00,yenicag
Yapay zekanın yükselişi nereye kadar devam edecek ? Sınırı neresi ?,Teknolojinin her geçen gün üzerine koyarak ilerlediği günümüzde yapay zekâya her geçen daha da fazla yatırım yapılıyor. Dünyaca ünlü şirketler yapay zekâ sektörüne milyarlarca dolar yatırımda bulunuyor. Yapay zekânın yükselişi nereye kadar sürecek? Bu yükselişin bir sınır var mı?,https://www.yenicaggazetesi.com.tr/yapay-zekanin-yukselisi-nereye-kadar-devam-edecek-siniri-neresi-779315h.htm,https://cdn.yenicaggazetesi.com.tr/news/1144701.jpg,2024-03-25 15:25:00+03:00,yenicag
Facebook bir döneme damga vuran eski özelliğini geri getiriyor. Yıllar önce herkes kullanıyordu,"Facebook, bir döneme damga vuran özelliğini yeniden getirmeyi planlıyor. Yıllar önce herkesin kullanacağı özelliği gençlerin beğenip beğenmeyeceği merak ediliyor.",https://www.yenicaggazetesi.com.tr/facebook-bir-doneme-damga-vuran-eski-ozelligini-geri-getiriyor-yillar-once-herkes-779201h.htm,https://cdn.yenicaggazetesi.com.tr/news/1144558.jpg,2024-03-25 11:09:00+03:00,yenicag
Twitter’ı satın alan Elon Musk’tan yeni hamle! 3 büyük sosyal medya devini bitirecek,"ABD’li iş insanı Elon Musk, Youtube bir rakip çıkartma hazırlığında… Twitter’ı satın alıp X yapan Musk, Youtube’a benzeyen bir uygulamayı hayata geçirecek.",https://www.yenicaggazetesi.com.tr/twitteri-satin-alan-elon-musktan-yeni-hamle-3-buyuk-sosyal-medya-devini-bitirecek-779168h.htm,https://cdn.yenicaggazetesi.com.tr/news/1144501.jpg,2024-03-25 09:57:00+03:00,yenicag
Bilim insanlarından oyun tutkunlarına kara haber. Aman dikkat,Bilim insanları tarafından açıklanan ve oyun tutkunları üzerine yapılan endişe verici araştırmanın sonuçları özellikle de erkek oyun tutkunlarını ilgilendiriyor.,https://www.yenicaggazetesi.com.tr/bilim-insanlarindan-oyun-tutkunlarina-kara-haber-aman-dikkat-779110h.htm,https://cdn.yenicaggazetesi.com.tr/news/1144428.jpg,2024-03-25 04:03:11+03:00,yenicag
Apple ve Google masaya oturdu,"Apple'ın, iOS 18'in bir parçası olarak Gemini'yi iPhone'a entegre etmek için Google ile görüşmeler yaptığı iddia edildi.",https://www.yenicaggazetesi.com.tr/apple-ve-google-masaya-oturdu-778857h.htm,https://cdn.yenicaggazetesi.com.tr/news/1144119.jpg,2024-03-24 09:29:00+03:00,yenicag
Yapay zeka hangi meslekleri ortadan kaldıracak?,"Türkiye Yapay Zeka İnisiyatifi'nin (TRAI) kurucusu Halil Aksu, yapay zekanın otomasyonu kolay ve faydalı olan meslekleri ortadan kaldırma ihtimali ortada olduğunu belirtti.",https://www.yenicaggazetesi.com.tr/yapay-zeka-hangi-meslekleri-ortadan-kaldiracak-778848h.htm,https://cdn.yenicaggazetesi.com.tr/news/1144109.jpg,2024-03-24 09:02:00+03:00,yenicag
Google yapay zeka ile selleri 1 hafta önceden tahmin ediyor,"Google, yapay zeka ile selleri 1 hafta önceden tahmin eden sistem geliştirdi. Geliştirilen sistem tahmin edilmesi zor olan yıkıcı sellere karşı önceden önlem alınmasını sağlayacak.",https://www.yenicaggazetesi.com.tr/google-yapay-zeka-ile-selleri-1-hafta-onceden-tahmin-ediyor-778546h.htm,https://cdn.yenicaggazetesi.com.tr/news/1143696.jpg,2024-03-23 10:16:13+03:00,yenicag
Uzay aracının fırlatılması 20 saniye kala iptal edildi,Rusya’nın Roscosmos Soyuz MS-25 uzay aracının fırlatılması 20 saniye kala iptal edildi. Uluslararası Uzay İstasyonu’na gidecek astronotların bulunduğu aracın fırlatması cumartesi günü gerçekleşecek.,https://www.yenicaggazetesi.com.tr/uzay-aracinin-firlatilmasi-20-saniye-kala-iptal-edildi-778312h.htm,https://cdn.yenicaggazetesi.com.tr/news/1143407.jpg,2024-03-22 14:45:08+03:00,yenicag
Bu küpeler başka küpe. Tüm bildiklerinizi unutun! Modaya uyum sağlıyor,Washington Üniversitesi'nde bilim insanlarının geliştirdiği küçük ve hafif küpenin sayesinde aynı zamanda oda sıcaklığını da ölçebiliyor ve 28 gün süren bir pil ömrüne sahip olduğu bildirildi.,https://www.yenicaggazetesi.com.tr/bu-kupeler-baska-kupe-tum-bildiklerinizi-unutun-modaya-uyum-sagliyor-778303h.htm,https://cdn.yenicaggazetesi.com.tr/news/1143395.jpg,2024-03-22 14:28:00+03:00,yenicag
Apple’a dava şoku. Hisseler değer kaybetti,ABD’li teknoloji devi Apple dava şoku yaşıyor. Dev şirkete rekabet kurallarını ihlal ederek tekel olduğu gerekçesiyle dava açıldı. Dava haberi sonrası hisseler değer kaybetti.,https://www.yenicaggazetesi.com.tr/applea-dava-soku-hisseler-deger-kaybetti-778205h.htm,https://cdn.yenicaggazetesi.com.tr/news/1143281.jpg,2024-03-22 10:55:14+03:00,yenicag
Yapay zeka iş gücü piyasasını nasıl etkileyecek? Hangi meslekler tehlikede,"Yapay zekanın iş gücü piyasasına etkisi, yapılan araştırmalara göre, önemli değişikliklere yol açacak. Peki, Yapay zeka iş gücü piyasasını nasıl etkileyecek? En fazla hangi meslekler etkilenecek? Detaylar haberimizde…",https://www.yenicaggazetesi.com.tr/yapay-zeka-is-gucu-piyasasini-nasil-etkileyecek-hangi-meslekler-tehlikede-777658h.htm,https://cdn.yenicaggazetesi.com.tr/news/1142611.jpg,2024-03-20 19:06:54+03:00,yenicag
Apple ve Google'dan ortaklık mı geliyor?,Apple ile Google’ın yapay zeka konusunda ortaklık yoluna gittiği iddia edildi.,https://www.yenicaggazetesi.com.tr/apple-ve-googledan-ortaklik-mi-geliyor-777022h.htm,https://cdn.yenicaggazetesi.com.tr/news/1141819.jpg,2024-03-19 09:46:47+03:00,yenicag
Ay’da su nasıl oluşuyor? Bilim insanlarının yıllardır çözemediği gizem,Ay’da bulunan suyun kaynağı bilim dünyasının yıllardır bulmaya çalıştığı gizemlerden biri olmaya devam ediyor. Konuyla ilgili farklı teoriler ortaya çıkarken araştırmalar devam ediyor.,https://www.yenicaggazetesi.com.tr/ayda-su-nasil-olusuyor-bilim-insanlarinin-yillardir-cozemedigi-gizem-776832h.htm,https://cdn.yenicaggazetesi.com.tr/news/1141569.jpg,2024-03-18 16:51:24+03:00,yenicag
Trafik ışıkları 4 renk mi oluyor? Beyaz renk neyi ifade edecek?,Kuzey Carolina Eyalet Üniversitesi’nde yapılan bir çalışma sonucunda artık neredeyse tüm dünyada kullanılmaya başlanan otonom (sürücüsüz) ve elektrikli araçlar sebebiyle trafik lambalarına bir de beyaz renk eklenmesi gerektiğini ifade edildi.,https://www.yenicaggazetesi.com.tr/trafik-isiklari-4-renk-mi-oluyor-beyaz-renk-neyi-ifade-edecek-776301h.htm,https://cdn.yenicaggazetesi.com.tr/news/1141035.jpg,2024-03-17 09:37:00+03:00,yenicag
Esra Dermancıoğlu Hülya Avşar’a açık açık sordu: Sen rahat orgazm olan bir kadın mısın?,"Hülya Avşar’ın programına konuk olan ünlü oyuncu Esra Dermancıoğlu’nun “Sen rahat orgazm olan bir kadın mısın?"" sorusunu ortalığı karıştırdı.",https://www.yenicaggazetesi.com.tr/esra-dermancioglu-hulya-avsara-acik-acik-sordu-sen-rahat-orgazm-olan-bir-kadin-misin-780912h.htm,https://cdn.yenicaggazetesi.com.tr/news/1146820.jpg,2024-03-30 12:21:00+03:00,yenicag
Brent petrolde üç ayda yüzde 13'e artış,"Brent petrolün varil fiyatı, Orta Doğu'da yaşanan karışıklıklar ve Rusya-Ukrayna Savaşı sebebiyle artan arz endişeleriyle yılın ilk çeyreğinde yüzde 12,91 artış kaydetti.",https://www.yenicaggazetesi.com.tr/brent-petrolde-uc-ayda-yuzde-13e-artis-780910h.htm,https://cdn.yenicaggazetesi.com.tr/news/1146818.jpg,2024-03-30 12:17:54+03:00,yenicag
Zurich Yaşam Atilla Benli’ye emanet,"Atilla Benli, yeniden Zurich ailesine katılıyor. Atilla Benli, 1 Nisan 2024 itibarıyla Zurich Yaşam Genel Müdürü ve Zurich Sigorta Genel Müdür Başyardımcısı sorumluluklarını üstlenecek.",https://www.yenicaggazetesi.com.tr/zurich-yasam-atilla-benliye-emanet-780908h.htm,https://cdn.yenicaggazetesi.com.tr/news/1146812.jpg,2024-03-30 12:12:26+03:00,yenicag
Türkiye sandık başına gidiyor! Oy kullanırken nelere dikkat etmelisiniz?,"Türkiye, yerel yöneticileri belirlemek üzere yarın sandık başına gidiyor.",https://www.yenicaggazetesi.com.tr/turkiye-sandik-basina-gidiyor-oy-kullanirken-nelere-dikkat-etmelisiniz-780903h.htm,https://cdn.yenicaggazetesi.com.tr/news/1146803.jpg,2024-03-30 11:55:00+03:00,yenicag
Karsan Finlandiya'nın ilk otonom araç projesini hayata geçirdi,"Karsan Otonom e-ATAK, Finlandiya'nın ilk sürücüsüz elektrikli otobüsü oldu. Karsan, VY Grup'la yaptığı anlaşma kapsamında Finlandiya'nın REMOTED firmasına Tampere şehrinde kullanılmak üzere bir adet 8 metrelik Otonom e-ATAK teslim etti.",https://www.yenicaggazetesi.com.tr/karsan-finlandiyanin-ilk-otonom-arac-projesini-hayata-gecirdi-780893h.htm,https://cdn.yenicaggazetesi.com.tr/news/1146789.jpg,2024-03-30 11:26:17+03:00,yenicag
Propaganda yasağı saat 18.00’de başlıyor,31 Mart Pazar günü yapılacak olan yerel seçim öncesinde propaganda yasakları bugün saat 18.00'de sona erecek.,https://www.yenicaggazetesi.com.tr/propaganda-yasagi-saat-18-00de-basliyor-780892h.htm,https://cdn.yenicaggazetesi.com.tr/news/1146790.jpg,2024-03-30 11:24:00+03:00,yenicag
İstanbul Sanayi Odası’nda hidrojen ekonomisi konuşuldu,İstanbul Sanayi Odası Yeşil Gündem Sohbetleri’nin 13’üncüsünde ‘Hidrojen Ekonomisinde Türkiye’nin Rolü’ ele alındı.  Yönetim Kurulu Üyesi Vehbi Canpolat'ın ev sahipliğinde gerçekleşen etkinlikte hidrojenin dünyanın 2050 yılına kadar ‘net sıfır’ emisyona ulaşması için kilit bir role sahip olduğu ifade edildi.,https://www.yenicaggazetesi.com.tr/istanbul-sanayi-odasinda-hidrojen-ekonomisi-konusuldu-780888h.htm,https://cdn.yenicaggazetesi.com.tr/news/1146782.jpg,2024-03-30 11:09:40+03:00,yenicag
"Bakanlık açıkladı. Hesaplara 142,6 Milyon lira yatırıldı","Tarım ve Orman Bakanlığı, 142 milyon 582 bin lira destekleme ödemesinin bugün çiftçilerin hesaplarına aktarıldığını açıkladı.",https://www.yenicaggazetesi.com.tr/bakanlik-acikladi-hesaplara-1426-milyon-lira-yatirildi-780882h.htm,https://cdn.yenicaggazetesi.com.tr/news/1146776.jpg,2024-03-30 10:50:12+03:00,yenicag
Enerjisa Dağıtım 14 ilde seçim tedbirlerini tamamladı,"Türkiye’de 14 ilde 22 milyondan fazla kullanıcıya hizmet veren Enerjisa Dağıtım Şirketleri, kesintisiz elektrik için yürüttüğü çalışmaları 31 Mart 2024 Pazar günü yapılacak Mahalli İdareler Seçimlerine yönelik aldığı tedbirlerle sürdürdü.",https://www.yenicaggazetesi.com.tr/enerjisa-dagitim-14-ilde-secim-tedbirlerini-tamamladi-780881h.htm,https://cdn.yenicaggazetesi.com.tr/news/1146774.jpg,2024-03-30 10:49:00+03:00,yenicag
Soluna bakmadan karşıya geçmek isteyince arabanın altında kaldı,"Bayburt'ta kaldırımdan inerken minibüs çarpan kadın, kazayı hafif sıyrıklarla yaralı olarak atlattı. Kaza bir iş yerinin güvenlik kamerasına yansıdı.",https://www.yenicaggazetesi.com.tr/soluna-bakmadan-karsiya-gecmek-isteyince-arabanin-altinda-kaldi-780876h.htm,https://cdn.yenicaggazetesi.com.tr/news/1146769.jpg,2024-03-30 10:38:00+03:00,yenicag
Beşiktaş Fenerbahçe derbisi şifresiz kanalda,Kadınlar futbolunda derbi günü...,https://www.yenicaggazetesi.com.tr/besiktas-fenerbahce-derbisi-sifresiz-kanalda-780874h.htm,https://cdn.yenicaggazetesi.com.tr/news/1146766.jpg,2024-03-30 10:32:22+03:00,yenicag
Hyundai IONIQ 5 N yılın performanslı otomobili seçildi,"Dünyada Yılın Performanslı Otomobili seçilen Hyundai IONIQ 5 N, EV segmentinde yeni bir dönem başlatıyor. Yüksek performanslı araç, günlük kullanımda olduğu kadar yarış pistlerinde de oldukça iddialı.",https://www.yenicaggazetesi.com.tr/hyundai-ioniq-5-n-yilin-performansli-otomobili-secildi-780873h.htm,https://cdn.yenicaggazetesi.com.tr/news/1146765.jpg,2024-03-30 10:30:36+03:00,yenicag
Dereye düşen çocuk boğularak can verdi,Bayburt’un Aksaçlı köyünde dereye düşen 3 yaşındaki çocuk boğularak hayatını kaybetti.,https://www.yenicaggazetesi.com.tr/dereye-dusen-cocuk-bogularak-can-verdi-780869h.htm,https://cdn.yenicaggazetesi.com.tr/news/1146760.jpg,2024-03-30 10:16:06+03:00,yenicag
Yaşlı kadın minibüsün altında ezilmekten son anda kurtuldu,Bayburt’ta kaldırımdan inen kadına minibüs çaptı. Kazada yaşlı kadın ezilmekten son anda kurtuldu.,https://www.yenicaggazetesi.com.tr/yasli-kadin-minibusun-altinda-ezilmekten-son-anda-kurtuldu-780852h.htm,https://cdn.yenicaggazetesi.com.tr/news/1146733.jpg,2024-03-30 09:40:51+03:00,yenicag
Bursaspor'da yerel seçim öncesi tepki çeken paylaşım,Bir dönemin Süper Lig şampiyonu Bursaspor 3. lige düşmemek için can çekişirken kulübün hesabından yayınlanan bir mesaj tepki topladı.,https://www.yenicaggazetesi.com.tr/bursasporda-yerel-secim-oncesi-tepki-ceken-paylasim-780842h.htm,https://cdn.yenicaggazetesi.com.tr/news/1146719.jpg,2024-03-30 08:55:00+03:00,yenicag
Silah kaçakçılarına 68 ilde eş zamanlı operasyon,Silah kaçakçılarına yönelik 68 ilde düzenlenen ‘Mercek-15’ operasyonlarında 878 şüpheli yakalandı. İçişleri Bakanı Ali Yerlikaya son 4 günde yapılan operasyonların detaylarını açıkladı.,https://www.yenicaggazetesi.com.tr/silah-kacakcilarina-68-ilde-es-zamanli-operasyon-780841h.htm,https://cdn.yenicaggazetesi.com.tr/news/1146712.jpg,2024-03-30 08:54:50+03:00,yenicag
"Ümit Özdağ neden ‘erken seçim geliyor’ dedi, tarih verdi",Prof. Dr. Ümit Özdağ son katıldığı televizyon programında ‘erken genel seçim’ olacağını iddia etti.,https://www.yenicaggazetesi.com.tr/umit-ozdag-neden-erken-secim-geliyor-dedi-tarih-verdi-780826h.htm,https://cdn.yenicaggazetesi.com.tr/news/1146688.jpg,2024-03-30 07:23:01+03:00,yenicag
Ayetel Kürsi nasıl okunur? Ayetel Kürsinin anlamı ve fazileti nedir?,"Kuran-ı Kerim’de yer alan en önemli ayetlerden biri olan Ayetel Kürsi anlamı ve faziletleri nedeniyle İslam dininde önemli bir yere sahiptir. Sıkça manası araştırılan dualardan olan Ayetel Kürsinin nasıl okunduğuna dair soruların cevaplarını sizler için derledik. Peki, Ayetel Kürsi nasıl okunur? Ayetel Kürsinin anlamı ve fazileti nedir?",https://www.yenicaggazetesi.com.tr/ayetel-kursi-nasil-okunur-ayetel-kursinin-anlami-ve-fazileti-nedir-594604h.htm,https://cdn.yenicaggazetesi.com.tr/news/854314.jpg,2022-11-06 15:52:00+03:00,yenicag
Nas Felak Suresi nasıl okunur? Nas Felak Suresi anlamı ve fazileti nedir?,"Kuran-ı Kerim’in en faziletli dualarından olan Nas Felak Sureleri tüm kötülüklerden kişiyi muhafaza ettiği düşünülüyor. Özellikle kişiyi kaza ve beladan koruyan Nas Felak Sureleri arama motorlarında sıkça aratılıyor. Peki, Nas Felak Suresi nasıl okunur? Nas Felak Suresi anlamı ve fazileti nedir? Naz Felak suresi abdestsiz okunur mu?",https://www.yenicaggazetesi.com.tr/nas-felak-suresi-nasil-okunur-nas-felak-suresi-anlami-ve-fazileti-nedir-594766h.htm,https://cdn.yenicaggazetesi.com.tr/news/854566.jpg,2022-11-07 10:02:00+03:00,yenicag
Çalışanlar kamera ile izlenebilir mi?,Halil Kağan ÖYKEN,https://www.yenicaggazetesi.com.tr/calisanlar-kamera-ile-izlenebilir-mi-780689h.htm,https://cdn.yenicaggazetesi.com.tr/author/oyken-001.jpg,2024-03-30 00:01:00+03:00,yenicag
Koca mahallede 17 seçmen oy kullanacak. 2 muhtar adayı var,Balıkesir’in Burhaniye ilçesinin Çallı Kırsal Mahallesi’nde 17 seçmen sandık başına gidecek.,https://www.yenicaggazetesi.com.tr/koca-mahallede-17-secmen-oy-kullanacak-2-muhtar-adayi-var-780883h.htm,https://cdn.yenicaggazetesi.com.tr/news/1146779.jpg,2024-03-30 10:51:00+03:00,yenicag
A Milli Takımın Euro 2024 sıralaması belli oldu,"Avrupa Şampiyonası yaklaşırken futbol heyecanı giderek artıyor. Vincenzo Montella'nın yönetimindeki A Milli Takım, Almanya'da düzenlenecek büyük turnuvada yer alacak.",https://www.yenicaggazetesi.com.tr/a-milli-takimin-euro-2024-siralamasi-belli-oldu-780837h.htm,https://cdn.yenicaggazetesi.com.tr/news/1146704.jpg,2024-03-30 08:32:11+03:00,yenicag
TFF'den iki hakem hakkında flaş karar. Resmen açıklandı,Tahkim Kurulu hakem Hüseyin Göçek ile Suat Arslanboğa’nın itirazlarını değerlendirdi.,https://www.yenicaggazetesi.com.tr/tffden-iki-hakem-hakkinda-flas-karar-resmen-aciklandi-780803h.htm,https://cdn.yenicaggazetesi.com.tr/news/1146662.jpg,2024-03-30 00:22:04+03:00,yenicag
Beşiktaş'ın yıldızı sahada bayıldı. Yürekler ağza geldi,BKT Avrupa Kupası yarı final rövanş maçında sahasında Mincidelice JL ile karşılaşan Beşiktaş aldığı galibiyet ile seride durumu 1-1'e getirdi.,https://www.yenicaggazetesi.com.tr/besiktasin-yildizi-sahada-bayildi-yurekler-agza-geldi-780801h.htm,https://cdn.yenicaggazetesi.com.tr/news/1146657.jpg,2024-03-30 00:01:05+03:00,yenicag
Derbinin en çok konuşulan ismiydi. Osayi Samuel görülmeyenleri bir bir anlattı,"Fenerbahçe'nin Nijeryalı futbolcu Bright Osayi-Samuel, Trabzonspor maçının ardından yaşanan olaylar hakkında 'Oyuncuların karşılık vermesi haklı çünkü bazı taraftarların elinde kesici şeyler vardı' ifadelerini kullandı.",https://www.yenicaggazetesi.com.tr/derbinin-en-cok-konusulan-ismiydi-osayi-samuel-gorulmeyenleri-bir-bir-anlatti-780789h.htm,https://cdn.yenicaggazetesi.com.tr/news/1146648.jpg,2024-03-29 23:30:14+03:00,yenicag
Fenerbahçeli yıldız rekor kırdı. Sarı-lacivertliler rahat kazandı,"ALBA Berlin'i 103-68 mağlup eden Fenerbahçe'de 50 sayı kaydeden Nigel Hayes-Davis, THY Avrupa Ligi'nde bir maçta en fazla sayı atan oyuncu ünvanını elde etti.",https://www.yenicaggazetesi.com.tr/fenerbahceli-yildiz-rekor-kirdi-sari-lacivertliler-rahat-kazandi-780787h.htm,https://cdn.yenicaggazetesi.com.tr/news/1146646.jpg,2024-03-29 23:10:31+03:00,yenicag
Ali Koç'u bir tek Galatasaray destekledi,Kulüpler Birliği başkanlığından istifa eden Ali Koç'a tek destek Galatasaray'dan geldi.,https://www.yenicaggazetesi.com.tr/ali-kocu-bir-tek-galatasaray-destekledi-780764h.htm,https://cdn.yenicaggazetesi.com.tr/news/1146618.jpg,2024-03-29 22:09:21+03:00,yenicag
Konyaspor'u bekleyen en büyük tehlikeyi Recep Çınar açıkladı,Konyaspor'un Ciğerini Bilen Adam Recep Çınar yazdı.,https://www.yenicaggazetesi.com.tr/konyasporu-bekleyen-en-buyuk-tehlikeyi-recep-cinar-acikladi-780749h.htm,https://cdn.yenicaggazetesi.com.tr/author/_b.jpg,2024-03-29 21:34:00+03:00,yenicag
Fenerbahçe derbide kazandı. Galatasaray'ın kupa umutları yıkıldı,Sahasında Galatasaray ile karşılaşan Fenerbahçe rakibini 83-66 mağlup etti.,https://www.yenicaggazetesi.com.tr/fenerbahce-derbide-kazandi-galatasarayin-kupa-umutlari-yikildi-780737h.htm,https://cdn.yenicaggazetesi.com.tr/news/1146589.jpg,2024-03-29 20:38:00+03:00,yenicag
Ali Koç Galatasaray ile siyaset ilişkisini açıkladı. Eski bakana tepki gösterdi,Fenerbahçe Başkanı Ali Koç Galatasaray hakkında flaş iddialarda bulundu.,https://www.yenicaggazetesi.com.tr/ali-koc-galatasaray-ile-siyaset-iliskisini-acikladi-eski-bakana-tepki-gosterdi-780720h.htm,https://cdn.yenicaggazetesi.com.tr/news/1146558.jpg,2024-03-29 18:27:32+03:00,yenicag
Ali Koç TFF ile yaptığı görüşmeyi açıkladı. Kurulan tuzağı ortaya çıkardı,Fenerbahçe Başkanı Ali Koç merakla beklenen PFDK sevkleri hakkında konuştu.,https://www.yenicaggazetesi.com.tr/ali-koc-tff-ile-yaptigi-gorusmeyi-acikladi-kurulan-tuzagi-ortaya-cikardi-780714h.htm,https://cdn.yenicaggazetesi.com.tr/news/1146552.jpg,2024-03-29 17:55:00+03:00,yenicag
Beşiktaş deplasmanda kaybetti. Yarı finalde elendi,Play-off serisi yarı final rövanş maçında ÇBK Mersin ile karşılaşan Beşiktaş rakibine mağlup olarak turnuvaya veda etti.,https://www.yenicaggazetesi.com.tr/besiktas-deplasmanda-kaybetti-yari-finalde-elendi-780712h.htm,https://cdn.yenicaggazetesi.com.tr/news/1146546.jpg,2024-03-29 17:37:54+03:00,yenicag
Galatasaray Süper Kupa öncesi şok oldu. PFDK yıldız futbolcuya 2 maç ceza verdi,PFDK Galatasaray'a ceza yağdırdı.,https://www.yenicaggazetesi.com.tr/galatasaray-super-kupa-oncesi-sok-oldu-pfdk-yildiz-futbolcuya-2-mac-ceza-verdi-780710h.htm,https://cdn.yenicaggazetesi.com.tr/news/1146544.jpg,2024-03-29 17:19:00+03:00,yenicag
'Fenerbahçe ligden çekilmek için UEFA'ya gitti',Fenerbahçe'de tüm gözler 2 Nisan'da yapılacak olan olağanüstü kongreye çevrildi. Gazeteci Senad Ok Fenerbahçe'nin ligden çekilme konusunda UEFA ile temasta olduğunu açıkladı.,https://www.yenicaggazetesi.com.tr/fenerbahce-ligden-cekilmek-icin-uefaya-gitti-780701h.htm,https://cdn.yenicaggazetesi.com.tr/news/1146534.jpg,2024-03-29 16:56:36+03:00,yenicag
Ali Koç'un istifası kabul edilmedi,"Samsunspor Başkanı Yüksel Yıldırım, Ali Koç'un Kulüpler Birliği başkanlığı görevine devam edeceğini söyledi.",https://www.yenicaggazetesi.com.tr/ali-kocun-istifasi-kabul-edilmedi-780678h.htm,https://cdn.yenicaggazetesi.com.tr/news/1146519.jpg,2024-03-29 16:25:00+03:00,yenicag
'Trabzonspor'a 10 maç saha kapatma cezası',"Spor Hukuku Uzmanı ve CAS hakemi Avukat Emin Özkurt gazeteci Tuğba Hacıbayramoğlu'na çarpıcı açıklamalarda bulundu. Özkurt, talimatlar doğrultusunda Trabzonspor'un 10 maç ceza alacağını söyledi.",https://www.yenicaggazetesi.com.tr/trabzonspora-10-mac-saha-kapatma-cezasi-780657h.htm,https://cdn.yenicaggazetesi.com.tr/news/1146471.jpg,2024-03-29 15:42:00+03:00,yenicag
